id,first_name,last_name,email,gender,country_of_birth,date_of_birth,year_salary
1,Garrard,Gristhwaite,,Agender,China,02/04/1934,$731686.19
2,Linoel,Jeppensen,,Transsexual Male,United States,30/09/1927,$770552.44
3,Hillel,Baughen,,Cisgender Man,China,23/12/1996,$747243.15
4,Violet,Georgot,vgeorgot3@virginia.edu,Transgender Person,Tunisia,17/08/1938,$809099.55
5,Fredric,Fasler,,Transgender Man,Colombia,16/01/1942,$758225.33
6,Carver,Thwaite,cthwaite5@yale.edu,Trans Female,Philippines,15/04/1923,$617742.59
7,Alyssa,Finney,,Cis Woman,Honduras,06/08/1933,$95120.68
8,Zared,Hofton,zhofton7@mtv.com,Transsexual,Russia,22/04/1936,$60172.80
9,Skelly,Hassekl,shassekl8@plala.or.jp,Transgender Man,Guatemala,19/01/1931,$370196.25
10,Annette,Morehall,amorehall9@jiathis.com,Bigender,China,17/06/1994,$234013.75
11,Marena,Menco,mmencoa@wikipedia.org,Trans,Indonesia,12/06/1905,$436249.81
12,Gareth,Quinnelly,gquinnellyb@stumbleupon.com,Non-binary,China,07/11/1938,$932768.35
13,Berget,Duinbleton,bduinbletonc@marketwatch.com,Cis Female,Bangladesh,07/12/1917,$482754.52
14,Gare,Wildash,gwildashd@nyu.edu,Pangender,Indonesia,25/10/1979,$96034.18
15,Yale,Heild,yheilde@parallels.com,Transgender Woman,Colombia,19/04/1918,$999392.63
16,Fairfax,McLeoid,fmcleoidf@examiner.com,Cisgender Woman,Canada,15/11/1928,$575291.68
17,Timothea,Weatherburn,tweatherburng@mapy.cz,Transgender Male,Morocco,18/10/1934,$653322.63
18,Bibi,Novis,,Transmasculine,France,11/03/1921,$399311.07
19,Marjy,Littler,mlittleri@auda.org.au,Transsexual,Mongolia,29/05/1987,$650326.84
20,Micheline,Capron,,Transsexual,Indonesia,22/07/1938,$484790.23
21,Antony,McKeeman,,MTF,China,13/12/1962,$599294.75
22,Filip,Garbar,fgarbarl@youtu.be,Cisgender Woman,Indonesia,14/01/2001,$1066504.31
23,Friederike,Sammut,fsammutm@bizjournals.com,Cisgender Woman,Kazakhstan,07/02/1939,$1061811.01
24,Selie,Rhodes,srhodesn@biglobe.ne.jp,Cisgender Woman,Germany,18/03/1960,$854281.99
25,Ros,Ramelot,rrameloto@cmu.edu,Gender Questioning,China,15/11/1945,$972425.93
26,Vinny,Elias,veliasp@webs.com,Bigender,France,23/05/1981,$1027251.70
27,Alana,Gueny,aguenyq@wikipedia.org,Bigender,Bangladesh,25/05/1905,$42130.05
28,Lucienne,Gudahy,lgudahyr@economist.com,Transsexual Person,China,15/06/1930,$797857.12
29,Pierrette,Langfat,,Transsexual Male,China,18/10/1921,$502770.42
30,Alard,Pehrsson,,Transsexual Woman,Indonesia,25/02/1937,$376382.83
31,Hailey,Eskriett,,Androgyne,Thailand,03/06/1926,$587450.76
32,Haskel,Amber,,Gender Variant,France,04/09/1945,$54466.31
33,Zerk,Shields,zshieldsw@woothemes.com,Transgender Man,Sweden,06/01/1988,$403457.19
34,Martelle,Rollo,,Genderqueer,China,01/11/1916,$262608.63
35,Cad,Muzzi,,Gender Variant,Greece,05/10/1985,$123425.49
36,Ignacio,Sidden,isiddenz@cnbc.com,Transsexual Woman,Egypt,09/06/1906,$828712.14
37,Munmro,Rowthorn,,Transsexual Person,New Zealand,20/10/1963,$299983.93
38,Babette,Crottagh,bcrottagh11@marketwatch.com,Neither,Philippines,15/07/1934,$972306.92
39,Marchelle,Akred,makred12@trellian.com,Cis Woman,China,19/03/2008,$608808.17
40,Carina,Gosswell,cgosswell13@theguardian.com,Neither,Moldova,12/01/1952,$929398.49
41,Daryn,Kilmartin,,Genderqueer,Latvia,17/07/1935,$266695.31
42,Kalvin,Nisius,knisius15@smh.com.au,Transgender Woman,China,20/11/1920,$715516.45
43,Nady,Guiness,,Transsexual Male,Kuwait,09/01/1977,$140941.17
44,Tony,Selborne,tselborne17@shinystat.com,Cisgender Female,Mongolia,18/04/2001,$356027.43
45,Boniface,Smorthit,bsmorthit18@mediafire.com,Trans Person,Philippines,17/10/1940,$51027.18
46,Denni,Scatchar,dscatchar19@google.fr,Transsexual,Greece,21/05/1906,$892611.07
47,Erie,Keys,,Gender Fluid,Nigeria,10/04/1996,$702021.85
48,Raven,Panks,rpanks1b@usatoday.com,Male to Female,China,23/01/1961,$387464.55
49,Des,Coneybeer,,Cis Man,Japan,06/10/1993,$245737.01
50,Towny,Gibberd,tgibberd1d@mozilla.com,Transgender,Argentina,22/09/1969,$579983.28
51,Rawley,Bertomieu,rbertomieu1e@stumbleupon.com,Gender Nonconforming,Indonesia,24/08/1940,$871777.42
52,Gerta,Findon,gfindon1f@opensource.org,Cisgender,Mexico,26/01/1964,$603060.98
53,Kacey,Abrey,kabrey1g@over-blog.com,Transgender Woman,Brazil,04/05/1944,$799246.42
54,Tyler,D'Onise,tdonise1h@t-online.de,Transsexual Woman,Croatia,04/10/1930,$394408.24
55,Ema,Buesnel,ebuesnel1i@last.fm,Neither,Portugal,21/03/1905,$763107.68
56,Barnard,Karolowski,,Neither,Indonesia,03/02/1932,$83835.84
57,Winn,Cicchinelli,wcicchinelli1k@so-net.ne.jp,Intersex,Panama,08/11/1997,$549101.72
58,Alvis,Sisselot,,Androgyne,Finland,29/08/1904,$237678.04
59,Ameline,Fladgate,,Bigender,Brazil,10/09/1982,$981808.56
60,Faydra,Sedger,fsedger1n@biglobe.ne.jp,Transsexual Female,Sweden,12/07/1995,$197034.06
61,Moreen,Scrowson,,Gender Fluid,Sweden,31/08/1931,$952916.61
62,Daphene,Ayre,dayre1p@sina.com.cn,Transgender,Ukraine,29/12/1907,$497008.70
63,Osborn,Cowlas,ocowlas1q@abc.net.au,Transgender Man,Vietnam,21/10/1988,$443862.28
64,Reggi,Coltart,rcoltart1r@engadget.com,Transsexual Female,Bolivia,28/09/1997,$947014.42
65,Berte,Haines,bhaines1s@printfriendly.com,Gender Questioning,Haiti,06/10/1913,$188966.06
66,Jean,Watkiss,jwatkiss1t@newsvine.com,Transmasculine,China,20/10/1967,$152005.67
67,Maje,Renzo,mrenzo1u@csmonitor.com,Neither,Guatemala,18/09/2003,$824507.95
68,Arlie,Spencley,aspencley1v@wp.com,Gender Variant,Indonesia,20/11/1929,$558997.54
69,Urbanus,Savile,usavile1w@soup.io,Cisgender Male,Germany,31/10/1961,$64801.69
70,Allister,Scotchmer,ascotchmer1x@google.co.jp,Cis Woman,China,17/05/1963,$48346.99
71,Emalee,Armes,earmes1y@blogger.com,Trans Woman,China,09/11/1988,$105971.65
72,Farah,Abbatucci,fabbatucci1z@weather.com,Transsexual Man,Philippines,18/10/1915,$1096047.31
73,Cassi,Addeycott,caddeycott20@slideshare.net,MTF,Japan,19/08/1906,$292823.39
74,Dasi,Rawsen,drawsen21@biglobe.ne.jp,Gender Fluid,Syria,02/04/1919,$217068.11
75,Marietta,Cremer,mcremer22@illinois.edu,Two-Spirit,Czech Republic,29/09/1924,$436653.24
76,Ruddy,Orrey,rorrey23@spotify.com,Gender Nonconforming,Bulgaria,09/02/1944,$749268.82
77,Ferrel,China,fchina24@woothemes.com,Transsexual Woman,France,21/06/1940,$1004751.00
78,Sax,Kettel,skettel25@slate.com,Trans,North Korea,15/06/1989,$258275.12
79,Dode,Kelcher,dkelcher26@npr.org,Androgynous,Israel,16/10/1950,$967870.49
80,Adrian,Diver,adiver27@marriott.com,Cisgender,Japan,23/03/1949,$327019.63
81,Ermin,Bruton,,Bigender,China,15/02/1947,$810149.69
82,Raquel,Delle,rdelle29@blogger.com,Cis Man,China,20/12/1938,$539377.67
83,Winnie,Ballantyne,wballantyne2a@privacy.gov.au,Transgender Man,Brazil,27/12/1951,$951762.15
84,Drusie,Aslott,daslott2b@statcounter.com,Trans Female,China,05/06/1989,$308016.87
85,Hermon,Colvine,hcolvine2c@bravesites.com,Transsexual Male,Philippines,31/08/1943,$187934.37
86,Joyan,Greeves,jgreeves2d@bravesites.com,Trans Person,Panama,16/10/1921,$92026.84
87,Loretta,Vasse,lvasse2e@weather.com,Two-Spirit,Russia,24/04/1925,$652048.44
88,Amelina,Knapman,aknapman2f@odnoklassniki.ru,Cis Female,Poland,06/05/2006,$672560.73
89,Willy,Mumby,wmumby2g@google.it,Gender Variant,Japan,10/06/1941,$705491.21
90,Deni,Renton,,Non-binary,Latvia,08/06/1949,$728292.88
91,Tabbatha,Carnaman,tcarnaman2i@deliciousdays.com,Cisgender Female,Russia,31/07/1999,$1022370.92
92,Tammi,Presnail,tpresnail2j@devhub.com,Cisgender Man,China,06/04/1930,$660020.86
93,Christy,Fuentez,cfuentez2k@dot.gov,Androgynous,China,27/02/1980,$919903.31
94,Sarine,Jura,sjura2l@icio.us,Cis Female,Mexico,18/02/1988,$1043465.72
95,Cornelius,Pleace,,Cis Male,Germany,26/04/1995,$1002778.45
96,Rosana,Kyndred,rkyndred2n@imgur.com,Pangender,Jersey,06/06/1940,$278317.43
97,Malachi,Dulling,mdulling2o@yelp.com,Agender,China,19/09/1909,$953047.43
98,Terza,Fowls,tfowls2p@4shared.com,Gender Questioning,Indonesia,11/04/1938,$600412.40
99,Derrik,Rainford,drainford2q@zimbio.com,Cis,Peru,25/12/2006,$68851.48
100,Eleanore,McGaugie,,Transsexual Man,Bahrain,17/02/1909,$479040.07
101,Kristine,Hacon,khacon2s@sohu.com,Cis Female,Canada,04/06/1921,$420505.61
102,Amandy,Flintuff,,Bigender,China,11/05/1978,$916523.13
103,Herold,Culbert,hculbert2u@independent.co.uk,Bigender,Equatorial Guinea,08/11/1919,$693229.98
104,Brittani,Coathup,bcoathup2v@howstuffworks.com,Transgender Male,Mali,22/12/1954,$944931.84
105,Reggis,Kimblin,,Intersex,Brazil,27/02/1950,$330864.51
106,Fidela,Kitto,fkitto2x@cbsnews.com,Non-binary,Greece,25/08/1954,$123529.73
107,Auberon,Telezhkin,,Transsexual Person,Argentina,01/07/1905,$1016588.33
108,Timothea,Milliken,tmilliken2z@bloglines.com,Genderqueer,Finland,15/03/1949,$243870.21
109,Olive,Spradbrow,,Two-Spirit,Brazil,20/08/1997,$376787.17
110,Moyra,Gallahue,mgallahue31@360.cn,Cisgender Woman,Cameroon,03/06/1938,$541706.74
111,Tracee,Hanvey,,Transfeminine,China,25/01/1987,$819179.56
112,Hansiain,Skelhorn,hskelhorn33@quantcast.com,Gender Fluid,Democratic Republic of the Congo,25/09/1961,$685285.59
113,Merle,Mallalieu,mmallalieu34@yahoo.co.jp,Trans Woman,Ireland,25/09/1961,$182631.69
114,Ethelda,Dixcee,edixcee35@ezinearticles.com,Transgender Woman,Democratic Republic of the Congo,12/05/1964,$982361.45
115,Oralla,Goodale,ogoodale36@oaic.gov.au,Bigender,Honduras,11/09/1975,$1098818.39
116,Harper,Manion,,Other,Indonesia,24/12/1963,$998776.92
117,Filippa,Rimmington,frimmington38@yelp.com,Trans,Jordan,27/11/1936,$176178.90
118,Anatole,Verrechia,averrechia39@photobucket.com,Cis Woman,Tanzania,25/04/1969,$624534.66
119,Melonie,MacDermott,,Cis Man,Egypt,24/04/2001,$267629.51
120,Winnie,Hayworth,whayworth3b@harvard.edu,Two-Spirit,Peru,04/08/1973,$269561.62
121,Forest,Winspare,,Transgender Female,China,03/03/1934,$619032.28
122,Vyky,Preist,vpreist3d@newyorker.com,Transgender Female,China,08/12/1905,$510440.73
123,Lin,Markie,,Other,Nicaragua,01/09/1905,$41477.44
124,Ashia,Buglar,abuglar3f@chron.com,Transsexual Woman,Mexico,13/05/1924,$852871.10
125,Charo,Gladstone,,Transsexual Woman,Venezuela,14/03/1914,$624772.90
126,Alidia,Daughtrey,,Transsexual Male,Philippines,06/09/1926,$190448.70
127,Mirabel,Ballam,mballam3i@tamu.edu,Transfeminine,China,01/03/1961,$577390.45
128,Katti,Pervew,kpervew3j@squarespace.com,Cis Woman,Ukraine,24/09/1930,$1031311.17
129,Levy,Waddilow,lwaddilow3k@fotki.com,Trans Man,Pakistan,22/01/1932,$292576.18
130,Ben,Theriot,btheriot3l@alibaba.com,Transgender Man,Norway,19/11/1996,$560336.93
131,Monica,McKinnon,mmckinnon3m@ehow.com,Pangender,Slovenia,27/08/1916,$146834.07
132,Bryna,Godber,bgodber3n@amazon.com,Transsexual Woman,Mexico,28/01/1955,$448190.09
133,Orlando,MacPadene,omacpadene3o@sfgate.com,Cis Male,Czech Republic,25/11/2009,$755561.93
134,Shane,Caller,scaller3p@pen.io,Transsexual Man,China,18/03/1906,$931127.80
135,Lucias,De Roberto,lderoberto3q@latimes.com,Transsexual Woman,Indonesia,28/07/1961,$115992.56
136,Charley,Marlow,cmarlow3r@irs.gov,Pangender,China,03/02/1921,$403367.67
137,Elysia,Leger,,Transgender Male,Afghanistan,07/01/1996,$599917.69
138,Marley,Harnett,,Androgyne,Mozambique,24/10/1923,$25659.99
139,Danika,Huonic,,Cisgender Female,Russia,16/11/1999,$932144.28
140,Malorie,Gostyke,mgostyke3v@cbc.ca,Cis Female,Russia,19/10/1928,$194314.39
141,Tersina,Liddle,,Transgender Woman,Brazil,23/06/1982,$474442.44
142,Tessa,Bickley,tbickley3x@latimes.com,Non-binary,Japan,18/05/1925,$382885.35
143,Gwyneth,Smullen,,Gender Nonconforming,China,04/02/1938,$670444.20
144,Leigha,Rawne,,Bigender,Latvia,08/07/1936,$256899.38
145,Crin,Biggins,cbiggins40@cargocollective.com,Non-binary,Azerbaijan,15/12/1941,$817826.89
146,Charlene,Pexton,cpexton41@hatena.ne.jp,Transgender Man,Philippines,06/04/1935,$741261.99
147,Elvis,Alfwy,ealfwy42@edublogs.org,Neither,Argentina,12/11/1939,$377239.37
148,Krista,Darville,kdarville43@phpbb.com,Cisgender Female,China,04/11/1958,$911840.91
149,Arabella,Murtimer,,Transsexual Female,China,28/12/1917,$432161.92
150,Julie,Claremont,jclaremont45@google.co.uk,Bigender,Philippines,03/01/2008,$580725.80
151,Sauveur,Copner,scopner46@istockphoto.com,Cisgender Woman,Indonesia,24/11/1961,$607914.54
152,Hilly,Stichel,hstichel47@webs.com,Trans,Denmark,24/02/1982,$471313.59
153,Tabbitha,Ragborne,tragborne48@state.gov,Trans Male,Japan,24/07/1967,$139811.07
154,Justen,Le Blond,jleblond49@ycombinator.com,Pangender,Indonesia,29/08/1920,$1051185.63
155,Rudy,MacGettigen,rmacgettigen4a@unicef.org,Trans Female,China,13/09/1905,$683712.36
156,Flossi,Russe,frusse4b@ucla.edu,Intersex,North Korea,19/10/1916,$332601.70
157,Huey,Ellicock,hellicock4c@nhs.uk,Transfeminine,Brazil,14/06/1945,$255079.99
158,Ainslee,Landman,alandman4d@istockphoto.com,Intersex,Colombia,26/07/1918,$777902.98
159,Margot,Bosanko,mbosanko4e@plala.or.jp,Transsexual Man,France,26/03/1973,$548605.71
160,Freda,Simla,,Cisgender Female,Monaco,27/10/1927,$79720.96
161,Benedick,Evers,,Transgender Person,Russia,16/08/1928,$431090.03
162,Kandace,Joire,kjoire4h@businesswire.com,Transsexual,Thailand,10/01/2005,$508580.79
163,Gweneth,Moxted,gmoxted4i@ocn.ne.jp,Transmasculine,Bangladesh,25/06/2006,$82161.36
164,Care,Sansam,csansam4j@sogou.com,Transsexual Female,Paraguay,15/02/1983,$83490.07
165,Coletta,O'Kielt,,Transgender,Argentina,21/12/1933,$460194.29
166,Thorndike,Vonderdell,tvonderdell4l@canalblog.com,Agender,Malaysia,17/10/1919,$658360.17
167,Gwen,Sandys,gsandys4m@ted.com,Cisgender,France,13/11/1987,$527543.83
168,Lizette,Izkovitz,lizkovitz4n@toplist.cz,Cis Woman,China,13/04/1971,$441088.47
169,Kiri,Ody,kody4o@baidu.com,Agender,Democratic Republic of the Congo,19/08/1944,$375630.37
170,Marni,Newens,mnewens4p@desdev.cn,Neutrois,South Africa,15/12/1904,$511642.90
171,Garrett,Rawdales,grawdales4q@list-manage.com,Cis Male,Russia,03/05/1927,$778169.97
172,Twila,McCorley,tmccorley4r@google.com.au,Gender Questioning,United States,17/09/1940,$346220.53
173,Val,Reade,vreade4s@state.tx.us,Two-Spirit,Uzbekistan,14/04/1979,$235780.90
174,Rafaela,Janous,,Cis,Sweden,02/11/1929,$91517.31
175,Mindy,Baroux,,Transgender Person,Sweden,21/11/1924,$953357.76
176,Caesar,Trittam,ctrittam4v@ycombinator.com,Transsexual Man,China,17/12/1968,$572565.11
177,Esdras,Cathro,,Androgyne,China,17/12/1913,$429091.18
178,Belita,Flann,bflann4x@networkadvertising.org,Trans,Indonesia,17/10/2001,$735714.01
179,Ailis,Ivory,aivory4y@huffingtonpost.com,Other,Peru,15/07/1962,$726999.19
180,Clerc,Bianco,,Bigender,Sweden,24/09/1937,$946346.92
181,Elane,Sarah,,Transfeminine,China,06/02/1995,$715664.22
182,Ignacio,Kennealy,ikennealy51@4shared.com,Trans Person,China,09/11/1994,$479909.71
183,Rhett,MacGillivray,,Other,China,25/01/1948,$762043.37
184,Kenny,Bradie,,Non-binary,Russia,08/03/1965,$530050.53
185,Chase,Kirmond,ckirmond54@go.com,FTM,Japan,25/11/1965,$1046885.10
186,Merola,Peebles,mpeebles55@google.co.uk,Cis Female,Germany,01/10/1925,$126332.64
187,Carolan,Curner,,Cis Man,Azerbaijan,08/06/1910,$859140.63
188,Lanette,Tute,ltute57@tamu.edu,Transmasculine,Germany,15/08/1946,$1016475.73
189,Fidole,Nestle,,Male to Female,China,17/09/1914,$1028812.67
190,Dominique,Klezmski,dklezmski59@howstuffworks.com,Cisgender Male,United States,23/12/1965,$46687.13
191,Ayn,Borth,,Cisgender Man,China,02/02/1966,$347256.34
192,Gretchen,Chadwin,gchadwin5b@noaa.gov,Cisgender Female,China,26/07/1957,$25604.43
193,Eileen,Abad,eabad5c@multiply.com,Transsexual Female,Brazil,25/07/1970,$660359.93
194,Katherina,Salan,,Transsexual,Philippines,07/03/1972,$247392.84
195,Mario,Golsby,mgolsby5e@microsoft.com,Neither,Vietnam,27/03/1963,$94140.66
196,Gradeigh,Martugin,gmartugin5f@yellowpages.com,Transgender Person,Brazil,30/08/1946,$625126.10
197,Fred,ffrench Beytagh,fffrenchbeytagh5g@nbcnews.com,MTF,Czech Republic,07/04/1974,$102372.95
198,Avrom,Nesbit,,Cisgender Man,Russia,13/10/1971,$284633.87
199,Galina,Blyth,gblyth5i@techcrunch.com,Transsexual Woman,Portugal,29/02/2004,$1063630.30
200,Ivy,Nalder,inalder5j@digg.com,Transsexual Female,Guatemala,24/04/1954,$1017234.18
201,Debi,Pendergast,,Cis Man,Indonesia,17/09/1935,$1052009.69
202,Bertine,Strut,bstrut5l@biglobe.ne.jp,Transsexual Female,China,22/06/1907,$354192.16
203,Currey,Grinley,cgrinley5m@mac.com,Neither,Indonesia,29/03/1931,$1100103.27
204,Dorey,Hedderly,dhedderly5n@mail.ru,Agender,Philippines,16/09/1906,$815610.87
205,Katy,Giraudoux,kgiraudoux5o@wisc.edu,Cisgender Woman,Portugal,09/10/2006,$472518.18
206,Verena,Varker,vvarker5p@fema.gov,Transsexual,South Africa,17/02/1969,$343596.12
207,Meris,McGuggy,mmcguggy5q@a8.net,Gender Nonconforming,Croatia,24/10/1907,$354594.72
208,Crystie,O' Loughran,,Trans Woman,Kenya,18/11/1905,$371922.87
209,Israel,Coots,icoots5s@networkadvertising.org,Gender Questioning,Guatemala,01/03/1993,$285707.62
210,Glori,Dinsmore,,Cisgender Female,Peru,19/11/1922,$1099063.65
211,Duffie,Stephen,dstephen5u@blogspot.com,Transgender Woman,Indonesia,30/10/1960,$79151.16
212,Becki,Rozier,brozier5v@china.com.cn,Genderqueer,Indonesia,16/03/1999,$925429.76
213,Genni,Boncore,gboncore5w@163.com,Transgender Male,Philippines,18/03/1926,$386923.63
214,Hurley,Boyington,hboyington5x@tripod.com,Cisgender Man,Paraguay,30/08/1961,$539714.33
215,Rodie,Corkish,rcorkish5y@deliciousdays.com,Gender Fluid,Brazil,03/03/1957,$1105686.98
216,Rafaelita,Cawthorn,rcawthorn5z@smugmug.com,Cisgender,Iran,04/03/1927,$1072562.08
217,Baillie,Blanche,,Cis Woman,Sweden,06/09/2000,$240781.61
218,Tiphani,Girth,tgirth61@dropbox.com,Cisgender Female,Vietnam,21/09/2007,$1077510.55
219,Anson,McKennan,amckennan62@lycos.com,Trans Woman,Poland,02/10/1937,$422712.91
220,Ulick,Spohrmann,,Androgyne,Indonesia,22/10/1978,$906390.54
221,Adan,Gleadhall,agleadhall64@mit.edu,FTM,China,08/09/1965,$878386.31
222,Gawen,Milkeham,,Cisgender Woman,Armenia,07/12/1957,$602158.59
223,Shepard,Roller,,Androgynous,Morocco,05/03/1992,$373665.46
224,Berny,Berryman,,Transsexual Woman,Brazil,01/08/1943,$804616.03
225,Nelly,McGeechan,,Trans Female,United States,25/01/1947,$532522.30
226,Urbano,Kaplan,,Gender Fluid,China,03/12/1926,$1110325.78
227,Mariele,Kondrat,mkondrat6a@marriott.com,Cis Male,China,04/04/1993,$744221.56
228,Elsy,Shankster,eshankster6b@va.gov,Trans Person,Laos,28/06/1918,$78650.27
229,Dorena,Perez,dperez6c@admin.ch,Cis Woman,France,27/03/1992,$506962.68
230,Vinson,Rayner,vrayner6d@unesco.org,Gender Variant,Philippines,01/12/1993,$530137.39
231,Ned,Rossander,nrossander6e@dyndns.org,Cisgender Man,Portugal,11/12/1914,$506450.81
232,Dolly,Gladyer,dgladyer6f@booking.com,FTM,Lithuania,13/11/1924,$422901.73
233,Alexandra,Di Franceschi,,Cisgender,Thailand,21/09/1961,$498625.86
234,Gill,Danelet,gdanelet6h@homestead.com,Bigender,Argentina,28/10/1934,$571404.99
235,Eal,Maffy,emaffy6i@gnu.org,Androgynous,South Africa,03/11/1992,$40102.43
236,Rey,Tite,rtite6j@shareasale.com,Transgender Male,Finland,20/06/1919,$436077.71
237,Fawn,Meo,fmeo6k@diigo.com,Trans Woman,Philippines,06/11/1965,$635567.34
238,Ellery,Marjoram,emarjoram6l@slate.com,Trans Male,Mexico,29/06/1969,$1056348.15
239,Zeke,Andrzejowski,,Cisgender Male,Indonesia,27/05/1913,$389713.80
240,Stacia,Maha,,Male to Female,Swaziland,05/06/1941,$515112.31
241,Jeff,Braams,,Trans Person,China,12/04/1980,$535817.90
242,Vilma,Halwood,vhalwood6p@blogtalkradio.com,Cis Female,China,02/07/1972,$988582.78
243,Paco,Cotmore,pcotmore6q@washingtonpost.com,Intersex,China,31/01/1931,$430456.33
244,Pammi,Harrowell,,Gender Fluid,Greece,11/08/2005,$45252.84
245,Madonna,Goeff,,Gender Nonconforming,Tunisia,02/02/1932,$371012.82
246,Torrie,Quincey,tquincey6t@rakuten.co.jp,Cisgender Man,Ukraine,18/08/1951,$879397.18
247,Malvina,Napolione,mnapolione6u@tinypic.com,Pangender,Australia,02/11/1908,$498607.20
248,Marieann,Purseglove,mpurseglove6v@mit.edu,Gender Nonconforming,Indonesia,16/10/1942,$1014851.68
249,Nolan,Waind,,Female to Male,Portugal,14/12/1962,$574101.71
250,Jamill,Mehew,jmehew6x@theatlantic.com,Male to Female,Sweden,15/04/1921,$587042.33
251,Giovanna,Ellingham,gellingham6y@wisc.edu,Transgender,Philippines,24/05/1927,$434164.29
252,Bonnee,Loughney,bloughney6z@craigslist.org,Gender Variant,Ukraine,08/05/2010,$494466.04
253,Caleb,McGurgan,cmcgurgan70@wp.com,Transgender,China,08/07/1937,$995888.97
254,Rusty,Simmonett,rsimmonett71@acquirethisname.com,FTM,France,31/10/2007,$701095.32
255,Almire,Occleshaw,aoccleshaw72@google.co.uk,Transsexual Female,China,25/12/1959,$924222.87
256,Dinah,Rousel,drousel73@paypal.com,FTM,Cuba,28/01/1990,$976738.71
257,Irvin,Gadson,,Transmasculine,Poland,03/02/1931,$599432.92
258,Monro,Odell,modell75@blogger.com,Cisgender Male,China,28/01/1958,$633107.08
259,Jordon,Stobbs,jstobbs76@dyndns.org,Androgynous,Indonesia,22/10/1962,$990015.83
260,Amerigo,Chalice,achalice77@addthis.com,Trans Person,Poland,22/03/1952,$901009.17
261,Yelena,Gatiss,ygatiss78@mlb.com,Pangender,Croatia,29/05/2004,$1091999.09
262,Hasty,Cleiment,,Transsexual Man,Botswana,23/09/1975,$200719.52
263,Desmond,Dunnion,ddunnion7a@myspace.com,MTF,Czech Republic,24/10/1930,$192101.43
264,Husein,Matt,,MTF,China,16/09/1960,$126530.19
265,Melony,Blockley,,Gender Nonconforming,United States,21/02/1931,$40680.30
266,Kelci,Ballister,,Genderqueer,Ghana,29/04/1922,$1112097.97
267,Idalia,Crowe,icrowe7e@fema.gov,Cis Man,Brazil,08/06/1998,$544079.60
268,Brennan,Gertz,,Cisgender Male,China,11/09/1946,$1049234.63
269,Darline,Marven,dmarven7g@exblog.jp,Genderqueer,Indonesia,29/12/1996,$680774.89
270,Barty,Stiegers,,Cisgender Male,Spain,12/04/1994,$633704.99
271,Emmey,Earey,,Gender Variant,Canada,29/03/1975,$320357.41
272,Jemima,Philipps,jphilipps7j@yahoo.com,Cisgender Male,Ukraine,06/08/1944,$604186.75
273,Josephine,Breed,jbreed7k@engadget.com,Cisgender Female,Italy,21/04/2005,$504879.75
274,Camel,Dobbie,,Transfeminine,China,17/04/1930,$565023.02
275,Daphene,Cossentine,dcossentine7m@state.tx.us,Pangender,Peru,30/04/1993,$1040739.90
276,Levi,Ghest,lghest7n@businesswire.com,Bigender,Poland,27/09/1955,$653299.91
277,Farleigh,Fergie,ffergie7o@opera.com,Trans,Portugal,04/05/1908,$511804.13
278,Laurena,Santo,,Gender Fluid,France,26/02/1949,$855684.93
279,Joelly,McGuiney,,Transfeminine,Moldova,07/07/1931,$503819.21
280,Kerwin,Ladbrook,kladbrook7r@prlog.org,Pangender,Nigeria,23/07/1904,$220723.16
281,Florentia,Chatelain,fchatelain7s@liveinternet.ru,Female to Male,France,19/09/1972,$935314.54
282,Lena,Carthew,lcarthew7t@eepurl.com,Transgender,Indonesia,29/09/1925,$329020.95
283,Barbi,Quelch,bquelch7u@desdev.cn,Neutrois,Palestinian Territory,01/09/1986,$616301.26
284,Monti,Towhey,,Transgender Male,China,30/10/1925,$198390.36
285,Mela,Hooks,,Androgynous,Peru,08/05/2010,$356494.51
286,Jamill,Folkes,jfolkes7x@icq.com,Two-Spirit,China,01/10/2010,$825859.33
287,Any,Deane,adeane7y@google.com,Non-binary,United States,13/06/1906,$404758.72
288,Myra,Verrillo,mverrillo7z@wordpress.com,Transmasculine,China,08/03/1908,$845750.78
289,Lenci,McClory,,Transsexual Man,Indonesia,11/11/1910,$483524.55
290,Ryan,Hagger,,Cis Man,France,28/09/1926,$540040.29
291,Ambros,Iorillo,aiorillo82@squidoo.com,Androgynous,Ukraine,16/10/1987,$421341.22
292,Klement,Frensch,,Cisgender Male,China,17/10/1905,$955214.20
293,Joan,Ziemke,jziemke84@people.com.cn,Transfeminine,Bolivia,16/01/1928,$737501.04
294,Hercule,Gravener,,Transsexual Man,Philippines,03/09/1950,$724323.04
295,Lolita,Detoc,ldetoc86@ucoz.ru,Transgender Female,Indonesia,15/06/1929,$674044.22
296,Artus,Darrell,adarrell87@cnn.com,Trans Male,Russia,23/08/1917,$1115124.03
297,Idalina,Verner,,Two-Spirit,Philippines,09/01/1933,$378617.84
298,Keri,Abden,kabden89@topsy.com,Agender,Kazakhstan,09/01/1977,$464815.18
299,Patricio,Leathley,pleathley8a@jugem.jp,Two-Spirit,Portugal,16/06/1975,$909891.81
300,Gusella,Charlon,gcharlon8b@answers.com,Two-Spirit,Indonesia,08/07/1985,$762586.73
301,Miner,McArd,mmcard8c@chron.com,Transsexual Person,Russia,16/11/1905,$941865.82
302,Kellen,Maitland,,Neither,Sweden,25/01/1994,$355724.88
303,Bourke,Heyns,bheyns8e@ustream.tv,Neither,Albania,13/02/2005,$136724.73
304,Devonne,Quillinane,dquillinane8f@blog.com,Bigender,France,06/05/1977,$771295.08
305,Julee,Dear,jdear8g@baidu.com,MTF,Venezuela,07/12/1973,$691356.71
306,Chevalier,Kingdom,ckingdom8h@jimdo.com,Trans Male,Morocco,11/03/1987,$1031522.51
307,Dene,Drew,,Transsexual Male,Czech Republic,13/03/1979,$512019.05
308,Nolan,Macieiczyk,nmacieiczyk8j@typepad.com,Intersex,Portugal,12/09/1975,$277229.73
309,Kalli,Wakley,kwakley8k@elpais.com,Intersex,Indonesia,18/01/2010,$399225.14
310,Tisha,Solesbury,tsolesbury8l@zimbio.com,Cisgender Female,Tanzania,09/03/1912,$769898.91
311,Eilis,Hillen,,Transsexual Male,Tunisia,22/02/1936,$121689.00
312,Warde,Mathet,wmathet8n@constantcontact.com,Cis Female,United States,28/05/1912,$167433.97
313,Giorgi,Pettegree,,Neither,United States,07/08/1962,$104067.88
314,Burlie,Yeskin,byeskin8p@cnn.com,MTF,Portugal,05/04/1981,$733444.23
315,Theodora,Neilus,tneilus8q@mozilla.com,Neutrois,United States,27/01/1929,$30539.30
316,Brucie,Coxall,bcoxall8r@hud.gov,Transfeminine,Canada,27/10/1920,$1085363.90
317,Son,Heynel,sheynel8s@paginegialle.it,Intersex,France,24/09/1941,$1111803.48
318,Consuelo,Sothcott,csothcott8t@acquirethisname.com,Transgender Man,Czech Republic,30/06/1969,$529578.54
319,Earl,Blatchford,,Transsexual Person,United States,24/02/1945,$147957.88
320,Modesty,McKnish,,Transsexual,China,23/04/2002,$642098.55
321,Michell,Wemyss,,MTF,China,03/06/1961,$393526.23
322,Annabelle,Flemming,aflemming8x@ebay.com,Transgender Female,Egypt,23/07/1930,$962818.41
323,Rey,Masson,rmasson8y@1688.com,Non-binary,Vietnam,26/11/1924,$343748.05
324,Fons,Butterfield,,Transsexual,France,03/01/1982,$352361.61
325,Basia,Woolen,bwoolen90@creativecommons.org,Androgyne,Brazil,07/06/1967,$223233.08
326,Colby,Verey,cverey91@squarespace.com,Other,China,12/07/1952,$335198.67
327,Jozef,Holtham,jholtham92@creativecommons.org,Cis Man,Sweden,24/03/2000,$342144.62
328,Charlene,Brackstone,cbrackstone93@pcworld.com,Transsexual,China,21/08/1976,$246725.48
329,Helen-elizabeth,Myatt,hmyatt94@cnn.com,Cisgender Male,China,15/07/1994,$1051827.60
330,Brendin,Cope,bcope95@businesswire.com,Female to Male,Brazil,05/09/1974,$538046.62
331,Niel,Pole,npole96@slideshare.net,Transgender Male,Philippines,06/06/1981,$1054276.45
332,Goldia,Niblock,gniblock97@topsy.com,Transgender Man,China,09/09/1960,$766819.36
333,Myra,Drain,,Cis Male,Pakistan,31/12/1983,$968341.24
334,Victoria,Blackborow,,FTM,Greece,09/09/1942,$971636.68
335,Cindra,Dormer,cdormer9a@intel.com,FTM,Indonesia,02/04/2003,$326857.60
336,Kane,Coultous,,Trans Person,Sweden,09/12/1949,$304383.66
337,Hazlett,Tukely,htukely9c@yahoo.co.jp,Transmasculine,Portugal,14/11/1946,$468804.18
338,Reece,Ciccarello,rciccarello9d@blogs.com,Transgender Male,Czech Republic,17/07/1975,$294307.01
339,Adam,Lamberton,alamberton9e@liveinternet.ru,Transfeminine,China,18/02/1912,$1071228.03
340,Elianora,Claiden,eclaiden9f@ca.gov,Transgender Person,Myanmar,06/10/1947,$1045893.56
341,Barnaby,McArte,bmcarte9g@earthlink.net,FTM,Brazil,24/12/1919,$673429.10
342,Eveleen,Favelle,efavelle9h@zdnet.com,Bigender,Russia,18/09/1997,$381291.66
343,Evelin,Khan,ekhan9i@pagesperso-orange.fr,Gender Fluid,Philippines,05/09/1972,$225870.02
344,Gerard,Hallward,ghallward9j@bloglines.com,Transgender Woman,France,05/09/1931,$231202.11
345,Charlena,Orrey,correy9k@yale.edu,Transgender Person,Lithuania,07/05/1927,$985401.18
346,Georgianna,Pococke,,Cisgender Female,China,21/03/1997,$980197.27
347,La verne,Vautrey,,Transgender Man,Russia,23/09/1934,$1019982.57
348,Dag,Lalonde,dlalonde9n@va.gov,Trans Woman,Pakistan,15/09/1918,$587609.83
349,Em,Collard,,Transgender Man,Czech Republic,17/06/1928,$1048205.50
350,Joseph,Parffrey,jparffrey9p@washington.edu,Gender Nonconforming,Czech Republic,27/09/1968,$807558.67
351,Holly-anne,Durbin,hdurbin9q@istockphoto.com,Transsexual Female,Sweden,24/10/2008,$753586.82
352,Margette,Grigorini,mgrigorini9r@slate.com,Bigender,Ukraine,18/03/1954,$72739.40
353,Lucretia,Lefley,llefley9s@newyorker.com,Gender Questioning,China,27/08/1966,$440132.25
354,Silvia,Endle,sendle9t@flavors.me,Two-Spirit,Syria,04/05/1982,$590152.97
355,Corie,Horley,chorley9u@fda.gov,Cisgender Woman,Indonesia,18/03/1988,$754552.80
356,Walton,Sayse,wsayse9v@meetup.com,Gender Variant,Ukraine,24/05/1971,$254145.90
357,Pattie,Wannan,pwannan9w@skype.com,Cis Male,Indonesia,11/03/1911,$899735.63
358,Barnebas,Wyllie,bwyllie9x@feedburner.com,Androgynous,Kazakhstan,07/06/1906,$433326.04
359,Tildi,Siggery,tsiggery9y@123-reg.co.uk,Other,Philippines,23/04/1992,$782254.93
360,Remus,Vobes,rvobes9z@jigsy.com,Cis Male,Japan,16/06/1974,$148090.44
361,Letizia,McMenemy,lmcmenemya0@amazon.co.jp,Cis Man,Serbia,25/06/1911,$503345.64
362,Camila,Bradnock,,Genderqueer,Thailand,15/04/1934,$386638.74
363,Jewell,Schimonek,,Neutrois,France,16/02/1949,$912845.89
364,Heywood,Eseler,heselera3@infoseek.co.jp,Trans Woman,France,15/05/1973,$234167.61
365,Ermengarde,D'Antuoni,edantuonia4@webnode.com,Transmasculine,Palestinian Territory,04/09/1973,$842041.33
366,Patsy,Carsberg,pcarsberga5@clickbank.net,Androgyne,Czech Republic,24/08/1937,$765253.84
367,Kassey,Trundler,ktrundlera6@ifeng.com,Transsexual Female,China,26/02/1929,$256450.91
368,Cate,Gianullo,cgianulloa7@ucla.edu,Transsexual Person,Greece,15/04/1927,$824751.73
369,Lars,Coppledike,lcoppledikea8@ehow.com,Trans Person,China,21/03/1976,$924254.09
370,Anatollo,Boden,abodena9@cpanel.net,Trans Male,Poland,19/02/1948,$893295.44
371,Stanislaus,Lougheed,slougheedaa@bloglines.com,Transmasculine,Russia,23/08/1909,$297507.67
372,Kerr,Minihane,kminihaneab@dmoz.org,Transsexual Person,Indonesia,11/11/1984,$92889.10
373,Alicia,Bartol,,Gender Variant,Greece,09/04/1988,$1061727.99
374,Sheeree,Keatley,skeatleyad@github.com,Gender Questioning,China,11/04/1967,$211451.59
375,Almeria,Twelvetrees,atwelvetreesae@photobucket.com,Other,Indonesia,11/03/1974,$274796.43
376,Greta,Comfort,gcomfortaf@fema.gov,Female to Male,Peru,25/02/1915,$542072.91
377,Paulo,Mahmood,pmahmoodag@blogspot.com,Transgender Man,China,05/05/1967,$302440.56
378,Marlene,Simononsky,msimononskyah@surveymonkey.com,Non-binary,China,16/06/1989,$439491.08
379,Gwennie,Callingham,,Gender Questioning,Indonesia,29/03/1951,$738568.75
380,Jabez,Ungerechts,jungerechtsaj@ucoz.ru,Intersex,China,08/08/1958,$1021418.32
381,Barty,Keppel,,Gender Fluid,Japan,19/02/1926,$762167.10
382,Reggy,Phateplace,rphateplaceal@youtu.be,Genderqueer,China,09/10/1929,$446075.95
383,Daven,Younghusband,dyounghusbandam@cbc.ca,Cisgender Woman,China,09/09/1972,$1058817.62
384,Fidel,Mariner,fmarineran@mediafire.com,Trans Person,China,24/03/1940,$562932.91
385,Lisette,Luttgert,,Cis Male,Kenya,03/10/1939,$748190.42
386,Enrico,Greest,egreestap@java.com,Gender Questioning,China,05/02/1987,$445996.53
387,Raimund,Mulqueen,rmulqueenaq@ebay.com,Cis Man,France,12/05/1944,$988261.96
388,Shepard,Farquar,,Male to Female,Philippines,02/12/1948,$1007567.95
389,Gerry,Cure,gcureas@people.com.cn,Gender Questioning,Sweden,07/05/2003,$887241.73
390,Josias,Pretorius,,Cis Man,Russia,30/09/1992,$711955.54
391,Adorne,Pounds,,Cis,China,03/09/1919,$277497.01
392,Lorelei,Scottesmoor,,Cisgender Male,Bulgaria,28/12/1941,$387244.02
393,Jarred,Chorlton,jchorltonaw@foxnews.com,Male to Female,Sweden,16/11/1978,$497739.24
394,Joleen,Johantges,jjohantgesax@nsw.gov.au,Cisgender Woman,Indonesia,18/04/1924,$311260.08
395,Grazia,Lamball,glamballay@patch.com,Transgender Person,Philippines,21/08/1923,$659405.60
396,Richmound,Wilse,rwilseaz@wikispaces.com,Pangender,Mauritius,08/08/1976,$520764.32
397,Peggy,Skinn,,Transgender,Honduras,07/03/1936,$84750.50
398,Colleen,Lebel,,Trans,Vietnam,23/06/1937,$1099185.24
399,Viva,Duetschens,vduetschensb2@plala.or.jp,MTF,Nigeria,24/11/1905,$594831.02
400,Lindi,Sinderson,lsindersonb3@weebly.com,MTF,Thailand,09/12/1918,$535436.98
401,Kurt,Grimm,kgrimmb4@deliciousdays.com,Male to Female,Indonesia,10/11/1964,$138099.18
402,Sauveur,Kilduff,skilduffb5@latimes.com,Cis Female,Ukraine,04/08/1953,$947864.48
403,Burton,Sudy,bsudyb6@yahoo.com,Transsexual Man,Peru,27/06/1955,$1097063.18
404,Jody,Pasterfield,jpasterfieldb7@trellian.com,Pangender,Philippines,27/09/1908,$1052523.67
405,Lacey,Dearn,ldearnb8@gizmodo.com,Transgender,Brazil,14/05/1909,$493835.81
406,Letizia,Camies,lcamiesb9@bigcartel.com,Transsexual Female,Brazil,08/12/1915,$942364.74
407,Desmund,Coombe,dcoombeba@wiley.com,Cisgender,China,19/05/1996,$182326.75
408,Alethea,Dregan,adreganbb@accuweather.com,Pangender,Bolivia,12/12/1961,$385650.62
409,Angelica,Artiss,aartissbc@dell.com,Transgender Person,Philippines,06/11/1943,$93280.77
410,Brana,Worsley,bworsleybd@constantcontact.com,MTF,Russia,22/08/1933,$326901.02
411,Franny,Woof,fwoofbe@altervista.org,Cis Female,Mexico,02/10/2010,$920575.94
412,Essa,Ellen,eellenbf@blogs.com,Gender Nonconforming,United States,29/05/1996,$240885.58
413,Abigail,Kemwall,akemwallbg@japanpost.jp,Cis Man,Indonesia,13/09/1954,$710293.80
414,Colby,Ferrie,cferriebh@usda.gov,Two-Spirit,Bolivia,04/12/1955,$608391.18
415,Lloyd,Partington,lpartingtonbi@cdc.gov,Neutrois,China,30/11/1958,$706878.53
416,Fredric,Dockwra,fdockwrabj@myspace.com,Transsexual Female,Vietnam,20/02/1993,$770089.38
417,Karoline,Glave,,Cis Male,Japan,17/07/1979,$1092177.00
418,Heddie,Dryden,hdrydenbl@baidu.com,Cisgender Female,United States,30/08/1937,$1014605.30
419,Lucien,Hacard,,Cisgender Man,Brazil,24/04/1949,$68126.75
420,Cecilla,Lafrentz,,Cisgender Man,Bulgaria,25/12/1958,$721937.16
421,Saw,Godmer,,Transgender Woman,Uganda,02/05/1915,$1063461.00
422,Heda,Creany,hcreanybp@canalblog.com,Agender,Colombia,19/10/1937,$424553.41
423,Kipp,Pidgin,kpidginbq@marketwatch.com,MTF,France,24/07/2002,$834845.34
424,Toby,Flintiff,tflintiffbr@e-recht24.de,Two-Spirit,Costa Rica,15/02/1931,$809280.21
425,Lynette,Handaside,lhandasidebs@howstuffworks.com,Cis Man,Norway,12/12/1999,$587758.99
426,Heywood,Seleway,hselewaybt@skyrock.com,Gender Nonconforming,Netherlands,19/02/1909,$335152.41
427,Barth,McLugish,,Transgender Woman,Russia,03/05/1953,$175793.16
428,Willi,Summerson,,Trans Woman,Indonesia,22/03/1937,$527848.50
429,Arvy,Thorold,athoroldbw@earthlink.net,Transsexual,Brazil,27/06/1927,$206246.64
430,Raffaello,Rosbottom,rrosbottombx@tripadvisor.com,Non-binary,Sweden,27/05/1975,$645626.37
431,Dorri,Ridhole,,Pangender,Indonesia,04/10/1951,$258243.80
432,Seka,Ellsom,sellsombz@bizjournals.com,Transmasculine,Indonesia,19/12/1966,$1048483.18
433,Mead,Surcomb,msurcombc0@ehow.com,Genderqueer,Philippines,19/08/1958,$485791.90
434,Siouxie,Buard,sbuardc1@nydailynews.com,Two-Spirit,Azerbaijan,14/12/1943,$992399.47
435,Gallagher,Semark,gsemarkc2@comcast.net,Bigender,Colombia,22/12/1909,$550834.54
436,Samson,Scotney,sscotneyc3@bbb.org,Transgender,Ireland,21/05/1998,$71706.48
437,Tomasine,Seymour,tseymourc4@ifeng.com,Other,Croatia,02/01/1974,$31810.75
438,Dasha,Blakeley,dblakeleyc5@vkontakte.ru,Cis,China,22/04/2010,$185834.76
439,Kingsley,Vedikhov,kvedikhovc6@opensource.org,Gender Variant,Philippines,09/04/1966,$799259.86
440,Nola,Horche,nhorchec7@free.fr,Pangender,Norway,29/09/1955,$104570.20
441,Irita,Oxenbury,,Trans,Ukraine,24/02/1928,$79845.73
442,Fairfax,Abry,fabryc9@princeton.edu,Trans Male,Armenia,23/10/2005,$138233.54
443,Amara,Pelling,apellingca@paginegialle.it,Gender Questioning,China,24/11/1993,$149542.24
444,Leone,Cunliffe,lcunliffecb@blinklist.com,Genderqueer,Ghana,30/11/1978,$33461.90
445,Avis,Smaridge,asmaridgecc@mtv.com,Cis Male,Ukraine,22/05/1999,$218653.80
446,Grover,Phebee,gphebeecd@printfriendly.com,Transgender Man,China,31/08/1944,$522399.32
447,Judye,Bischop,jbischopce@livejournal.com,Transgender Male,Pakistan,22/08/1918,$239831.50
448,Porter,MacCarlich,pmaccarlichcf@fastcompany.com,Trans Woman,Philippines,26/09/1980,$438140.43
449,Adolphus,Chasmor,achasmorcg@constantcontact.com,Gender Questioning,China,30/05/1994,$767468.59
450,Fabio,Rodder,,Cisgender Male,China,08/10/1957,$675740.09
451,Any,Worland,,Androgyne,Uganda,19/05/2002,$746959.45
452,Leigh,Niesel,lnieselcj@rambler.ru,Intersex,Brazil,31/01/1929,$949209.57
453,Fallon,Cogdell,fcogdellck@opensource.org,Transgender Man,China,20/06/1912,$397433.92
454,Jenda,Rowcliffe,jrowcliffecl@mlb.com,Transsexual Man,China,13/03/1922,$1081788.34
455,Etan,Karpov,ekarpovcm@cocolog-nifty.com,Cis Woman,Indonesia,15/11/1953,$636409.71
456,Marsha,McLucas,mmclucascn@over-blog.com,Cisgender Woman,Thailand,30/12/1935,$970053.50
457,Cordula,Pacht,cpachtco@g.co,Gender Questioning,Mexico,08/06/1935,$955714.73
458,Nehemiah,Edinburough,nedinburoughcp@answers.com,Transgender Woman,Russia,19/06/1920,$77115.79
459,Porty,Earwaker,pearwakercq@gmpg.org,Transgender,Saudi Arabia,24/03/1907,$114516.15
460,Danielle,Denslow,ddenslowcr@edublogs.org,Trans Female,Mexico,16/06/1985,$114022.52
461,Candace,Catlin,ccatlincs@google.ru,Transfeminine,Sweden,14/05/1999,$927249.70
462,Norrie,Benzies,nbenziesct@redcross.org,Transgender,Nigeria,30/09/1945,$405996.67
463,Harrison,Wragg,hwraggcu@wordpress.com,Gender Variant,Pakistan,05/03/1951,$665138.06
464,Ignace,Subhan,isubhancv@nba.com,Bigender,Indonesia,02/07/1994,$414991.77
465,Donavon,Balcock,dbalcockcw@house.gov,Cis Male,Indonesia,21/09/1926,$985778.21
466,Reinaldos,Dungay,rdungaycx@i2i.jp,Transgender Female,Mexico,19/04/1909,$1032462.20
467,Sterne,Hagley,shagleycy@craigslist.org,Two-Spirit,Russia,24/10/1906,$295745.08
468,Juline,Roch,jrochcz@bravesites.com,Transgender Male,Nepal,06/10/1965,$940097.54
469,Nappy,Kingaby,nkingabyd0@pinterest.com,Genderqueer,France,13/10/1989,$267185.01
470,Marisa,Simonett,,Transmasculine,China,08/03/1995,$1082751.79
471,Terese,Dinsdale,tdinsdaled2@feedburner.com,Two-Spirit,China,22/07/1937,$780597.55
472,Daisy,Hamlet,dhamletd3@reference.com,Neither,Mexico,24/08/1989,$220524.54
473,Hamel,Melody,,Trans Female,United Arab Emirates,27/03/1979,$636425.61
474,Gabi,Rosenauer,grosenauerd5@angelfire.com,Trans,Peru,02/01/1959,$467556.04
475,Frants,Tantum,,Trans Woman,Canada,23/09/1940,$633305.73
476,Inness,Lockton,ilocktond7@webs.com,Neutrois,China,09/06/1985,$808374.82
477,Zsa zsa,Harrigan,,Transsexual Woman,China,06/04/1920,$130837.12
478,Flossi,McIlwraith,,Cisgender Woman,Philippines,25/03/1957,$975388.58
479,Sandi,Peppin,speppinda@imgur.com,Transgender Female,Indonesia,22/12/1970,$429440.66
480,Valeria,Tydeman,,Gender Nonconforming,Comoros,09/06/2006,$694689.22
481,Scotti,Wedge,swedgedc@intel.com,Androgynous,Mexico,01/02/1967,$678656.80
482,Bartie,Loins,bloinsdd@jigsy.com,Transsexual Woman,China,16/04/1944,$330325.84
483,Quinn,Kochs,qkochsde@blog.com,Trans,China,21/06/1916,$1061084.70
484,Brietta,Callender,,Gender Questioning,Azerbaijan,17/04/1945,$28140.10
485,Emery,Goning,egoningdg@creativecommons.org,Transgender Male,Indonesia,23/05/1935,$146133.20
486,Linnea,Di Franceshci,ldifranceshcidh@shop-pro.jp,Transsexual Man,Indonesia,10/06/1951,$44949.88
487,Abrahan,Faulkner,,Gender Variant,Sudan,12/11/1950,$903679.65
488,Jessey,Lyman,,Cisgender,Indonesia,17/08/1950,$722016.00
489,Emmye,Giles,,Androgynous,Indonesia,18/04/1921,$959512.57
490,Fairlie,Greenway,,Female to Male,Palestinian Territory,22/12/1945,$450824.80
491,Heddie,Orgill,horgilldm@toplist.cz,Transfeminine,Brazil,20/03/1973,$390485.97
492,Toby,Tsarovic,,Trans Person,Sweden,29/07/1930,$232242.75
493,Loretta,Weatherill,lweatherilldo@blinklist.com,Transgender Man,Ukraine,21/06/1917,$122275.38
494,Caitrin,Djurdjevic,,Gender Fluid,Indonesia,27/10/1989,$114904.01
495,Nathalie,Couth,ncouthdq@qq.com,FTM,Syria,28/10/1920,$450090.28
496,Haily,Colston,hcolstondr@wiley.com,Agender,Poland,27/03/1954,$1029368.74
497,Milty,Hebble,,Trans Person,Brazil,25/02/1998,$790157.15
498,Beverlee,Dougan,,Gender Questioning,Philippines,21/06/1980,$989333.07
499,Trudie,Yair,tyairdu@cbc.ca,Transsexual Female,Poland,22/07/2008,$1060589.16
500,Iona,Riguard,iriguarddv@pagesperso-orange.fr,Transsexual Woman,Indonesia,13/04/1958,$358635.80
501,Timothea,Singyard,tsingyarddw@sakura.ne.jp,Transmasculine,Sweden,29/01/2006,$250871.43
502,Loria,Byfford,,MTF,Portugal,04/02/1941,$196351.49
503,Iolande,Kerwick,ikerwickdy@jimdo.com,Cisgender Woman,Brazil,05/04/1926,$258789.19
504,Brittney,Bea,bbeadz@etsy.com,Cis Woman,China,22/01/1915,$478783.56
505,Dalila,Odde,doddee0@acquirethisname.com,MTF,China,13/02/1974,$395609.93
506,Sherlock,Housam,,Cis Woman,Vietnam,27/09/1964,$1049356.02
507,Iver,Causon,icausone2@dmoz.org,Neutrois,Indonesia,19/05/1909,$786464.16
508,Teri,Hullock,,Transgender Person,Poland,18/02/2010,$425172.39
509,Alexandrina,Haws,ahawse4@cargocollective.com,Trans Woman,Colombia,09/12/1908,$296475.61
510,Toma,Fawkes,tfawkese5@desdev.cn,Transgender Female,China,13/03/1938,$470879.27
511,Paulie,Yurenin,,Transsexual Man,Indonesia,30/08/1940,$434208.75
512,Buiron,Paulus,bpauluse7@vk.com,Trans,Portugal,23/08/1959,$417274.01
513,Sybilla,McKinnon,,Transgender Person,Brazil,26/06/1953,$377768.70
514,Emelina,Attow,eattowe9@cloudflare.com,Cisgender Man,Portugal,16/01/1980,$320073.34
515,Nevins,Lysons,,Transsexual Person,Albania,19/04/2008,$90133.29
516,Timofei,Scoggan,,Bigender,Portugal,22/12/1907,$515013.77
517,Annnora,Albers,aalbersec@facebook.com,Cisgender Female,Mexico,18/05/1943,$508326.47
518,Gilbertine,Axtens,gaxtensed@yellowbook.com,Trans Female,Ukraine,02/07/1909,$246029.59
519,Kali,Airdrie,kairdrieee@independent.co.uk,Gender Nonconforming,Japan,03/01/1961,$443706.96
520,Maddie,Yeulet,,Cis,China,02/03/2006,$99702.25
521,Dorotea,Isaac,disaaceg@dell.com,Male to Female,France,17/04/1932,$878100.82
522,Sheeree,Sandilands,,Trans Woman,Nicaragua,23/08/1994,$899172.79
523,Ravid,Spencers,rspencersei@youtu.be,Transsexual Male,China,16/12/1991,$430696.45
524,Orella,Tesimon,otesimonej@chronoengine.com,Transgender Female,Thailand,25/03/1908,$214173.76
525,Loralyn,Bladen,,Transsexual Woman,Slovenia,27/12/1915,$437977.42
526,Coretta,Hove,,Cisgender Male,Philippines,23/05/1926,$904869.16
527,Alfredo,Quinby,aquinbyem@angelfire.com,Cisgender Woman,Dominican Republic,29/07/1952,$729179.24
528,Odele,Tebbe,otebbeen@harvard.edu,Other,Sweden,22/06/1918,$391936.34
529,Sly,Beadles,sbeadleseo@tuttocitta.it,Trans,Martinique,23/12/1954,$512293.27
530,Gale,Faltskog,gfaltskogep@irs.gov,Transgender Person,Ethiopia,26/12/2002,$1075827.10
531,Dougy,Etteridge,detteridgeeq@sciencedaily.com,Transsexual Woman,China,24/12/1931,$950940.14
532,Olvan,Delhay,odelhayer@google.cn,Gender Nonconforming,China,05/06/1995,$434836.03
533,Nathalia,Szymanzyk,nszymanzykes@techcrunch.com,Transsexual,Philippines,17/11/1924,$992616.87
534,Aleksandr,Beastall,abeastallet@bloomberg.com,Non-binary,Argentina,07/01/1976,$47826.01
535,Janel,Baxster,jbaxstereu@telegraph.co.uk,Pangender,Poland,29/03/2003,$709153.82
536,Carlina,Southway,csouthwayev@aol.com,Gender Nonconforming,Russia,23/03/1953,$1044572.63
537,Jose,Zack,jzackew@umich.edu,Transgender Person,Russia,07/06/1941,$146700.86
538,Lorri,Bride,lbrideex@uol.com.br,Cis Man,United States,14/08/1947,$50947.63
539,Judie,Bummfrey,,Genderqueer,China,31/07/1941,$425462.32
540,Jarib,Whitecross,jwhitecrossez@ucsd.edu,Transgender Female,China,20/10/1904,$1067179.69
541,Andie,Whellans,awhellansf0@umich.edu,Androgynous,Czech Republic,28/09/1934,$980469.86
542,Patrizio,Smither,psmitherf1@rediff.com,Cis Male,Bulgaria,15/04/1911,$325090.26
543,Joell,Giddins,jgiddinsf2@cargocollective.com,Transgender,Russia,27/01/1938,$94545.48
544,Vassili,Robens,,Transgender,Guatemala,09/02/1909,$49175.21
545,Falito,Witherby,,Gender Nonconforming,Philippines,07/01/1999,$954479.95
546,Darin,Andreutti,dandreuttif5@printfriendly.com,FTM,Germany,07/08/1912,$386090.41
547,Baird,Chase,bchasef6@twitter.com,Transgender Female,Philippines,03/03/1920,$134883.65
548,Herold,Clementson,,Cis Female,Indonesia,11/11/1988,$442220.38
549,Rubina,Cadden,rcaddenf8@tiny.cc,Non-binary,Mexico,25/05/1929,$103930.63
550,Wilton,Bardill,wbardillf9@desdev.cn,Transgender Female,China,24/08/1946,$507510.93
551,Cindie,Elms,celmsfa@angelfire.com,Gender Fluid,Russia,22/10/1957,$427452.87
552,Rosanne,Duncklee,,Gender Nonconforming,Colombia,06/11/1951,$893316.27
553,Cherry,Taylder,ctaylderfc@taobao.com,Transgender Person,Philippines,04/05/1950,$760286.80
554,Gusti,Lamb-shine,,Cis,Indonesia,06/03/1932,$467062.37
555,Elmo,Bensusan,ebensusanfe@biglobe.ne.jp,Genderqueer,Indonesia,19/11/2010,$89122.35
556,Dennie,Boleyn,dboleynff@about.me,Cisgender,China,05/06/1943,$979805.48
557,Willamina,Cocklie,wcockliefg@surveymonkey.com,Bigender,China,05/08/1994,$349615.26
558,Bryn,Flement,bflementfh@spotify.com,Transmasculine,Greece,16/01/1981,$44153.53
559,Kristofer,Beedie,kbeediefi@sbwire.com,Cis,China,02/11/1917,$265717.64
560,Moira,Carrane,,Bigender,Venezuela,20/12/1955,$374442.68
561,Bentlee,Godmer,bgodmerfk@boston.com,Transgender Person,Tunisia,17/11/1928,$523720.77
562,Filippa,Behr,fbehrfl@nydailynews.com,Cisgender Man,Yemen,28/09/1932,$372766.28
563,Krista,Youdell,,Cisgender,Morocco,06/01/1933,$307556.30
564,Mathias,Kruschov,mkruschovfn@hubpages.com,Trans Person,Philippines,01/12/1913,$194761.15
565,Leon,Baddoe,lbaddoefo@weather.com,Trans Female,Iran,15/07/1959,$541338.54
566,Philly,Danilov,pdanilovfp@amazon.co.jp,Agender,China,06/09/2005,$231362.26
567,Dalt,Hannaford,dhannafordfq@engadget.com,Female to Male,Colombia,23/09/1935,$698386.48
568,Merell,Harhoff,mharhofffr@barnesandnoble.com,Trans Male,Philippines,04/09/1904,$912793.51
569,Paul,Rivlin,privlinfs@acquirethisname.com,Trans Female,China,19/03/1997,$603800.20
570,Bennie,Snaddin,bsnaddinft@myspace.com,Pangender,China,10/04/1995,$646297.42
571,Robenia,Bernaldez,,Cisgender Female,Brazil,31/12/1971,$763854.23
572,Erinn,Scotford,,Neutrois,China,06/09/1947,$888461.91
573,Ninnetta,Grendon,ngrendonfw@addthis.com,Pangender,Philippines,13/09/1954,$232248.02
574,Berti,Lutas,blutasfx@nba.com,Transgender Female,Philippines,07/01/1952,$121531.86
575,Alicea,Ondrak,aondrakfy@51.la,Transgender Male,Dominican Republic,20/09/1948,$810527.81
576,Mollie,Bewlie,mbewliefz@odnoklassniki.ru,Transfeminine,Ecuador,17/04/1961,$780459.75
577,Bernadette,Cerro,bcerrog0@xing.com,Cis,Brazil,05/11/1979,$209766.23
578,Morris,Dobbs,mdobbsg1@skyrock.com,Transfeminine,United Kingdom,04/11/1995,$446596.92
579,Maighdiln,Sleit,msleitg2@patch.com,Transgender Man,Philippines,25/10/1943,$305680.11
580,Dyanna,Wickwarth,dwickwarthg3@w3.org,Transgender Man,Mongolia,15/12/1922,$821380.04
581,Paxton,Campling,pcamplingg4@nps.gov,Male to Female,Indonesia,28/06/1977,$673831.11
582,Meghan,Watman,mwatmang5@tamu.edu,Cisgender Female,China,17/10/1909,$191754.08
583,Gale,Severns,,Cisgender Female,China,29/10/2009,$998969.93
584,Billie,Grenshields,bgrenshieldsg7@fc2.com,Transfeminine,Czech Republic,03/04/1977,$594577.92
585,Reinaldos,Eck,,Trans Female,Moldova,23/11/1944,$71956.51
586,Rebecca,Krier,rkrierg9@usgs.gov,Female to Male,Bosnia and Herzegovina,27/12/1927,$465023.91
587,Natty,Corris,ncorrisga@amazon.com,Other,Poland,04/01/1941,$865292.66
588,Mandi,Vann,mvanngb@facebook.com,Transmasculine,Brazil,16/07/1918,$921471.88
589,Vanda,Bartusek,vbartusekgc@berkeley.edu,Intersex,China,12/12/1907,$343130.22
590,Jilli,Duddy,jduddygd@upenn.edu,MTF,Indonesia,20/01/1962,$49384.49
591,Bondie,Langthorn,blangthornge@so-net.ne.jp,Androgynous,Indonesia,06/06/1947,$956446.60
592,Tedie,Realy,,Trans Female,Sweden,09/05/1929,$440086.04
593,Jaime,Spurnier,jspurniergg@nba.com,Trans Female,Bangladesh,30/12/1951,$587828.14
594,Jobey,Rignoldes,jrignoldesgh@comsenz.com,Transgender Man,Brazil,20/06/1930,$46712.09
595,Hannis,Payne,hpaynegi@123-reg.co.uk,Transgender Man,Philippines,26/08/2006,$189432.50
596,Justis,Lackham,jlackhamgj@cyberchimps.com,Trans Woman,Iran,31/05/2010,$728403.12
597,Jeni,Pimbley,jpimbleygk@xing.com,Male to Female,Czech Republic,07/12/1967,$991635.54
598,Teddy,Caseborne,,Transfeminine,Mexico,22/04/1957,$410648.51
599,Hall,Geertje,,Cis Woman,Russia,19/01/1969,$170974.91
600,Jillayne,Attenbrough,,Cisgender Female,Brazil,06/11/1939,$806200.34
601,Elsi,Wane,,Trans Male,Ukraine,08/03/1986,$731304.61
602,Bobinette,Lawrence,blawrencegp@nsw.gov.au,Female to Male,Brazil,04/08/1967,$902354.81
603,Gaylor,Bartolini,gbartolinigq@noaa.gov,Trans Female,Indonesia,21/07/1987,$1087643.94
604,Sutherland,Gainsbury,sgainsburygr@ihg.com,Transgender Female,China,28/05/1960,$955664.81
605,Marcelle,Hovert,,Transgender,China,09/07/1926,$769754.02
606,Byran,Adenot,badenotgt@mayoclinic.com,Genderqueer,Philippines,01/06/1940,$601460.70
607,Guendolen,Hotson,ghotsongu@mapquest.com,Cis Male,Vietnam,05/04/1927,$718112.44
608,Beitris,Hasney,bhasneygv@nsw.gov.au,Androgynous,Philippines,24/07/2009,$731924.89
609,Dewey,Djorvic,ddjorvicgw@google.co.uk,Gender Nonconforming,Morocco,09/05/1993,$33358.07
610,Brig,Gullifant,bgullifantgx@rediff.com,Transsexual Male,China,10/04/1925,$924817.28
611,Arlyne,Buesnel,abuesnelgy@rakuten.co.jp,Trans Female,Canada,20/06/1914,$339910.16
612,Ezequiel,Yockney,,Transsexual Man,Zimbabwe,26/03/1912,$679817.76
613,Murial,Lyddy,,Cis Male,Philippines,07/06/1961,$1009000.38
614,Fabiano,Hume,fhumeh1@walmart.com,Cis Male,Indonesia,01/03/1986,$776910.82
615,Rosette,Dennerly,,Cis,France,09/07/1961,$479654.70
616,Linda,Donativo,ldonativoh3@imgur.com,Transsexual Person,Indonesia,11/11/1967,$1097045.77
617,Mina,Fennell,mfennellh4@parallels.com,Gender Fluid,Philippines,12/04/1970,$645971.40
618,Charita,Trace,,Transsexual,China,17/06/2001,$1071142.77
619,Dido,Lyard,dlyardh6@shinystat.com,Pangender,Netherlands,11/04/1919,$69053.60
620,Cyndy,Dimitriev,cdimitrievh7@usnews.com,Transsexual,France,09/05/1916,$700769.96
621,Dulcia,Greenacre,,Transgender Female,Belarus,21/08/1971,$351578.86
622,Ceil,Fores,cforesh9@symantec.com,Agender,United States,08/09/1966,$940120.14
623,Leonidas,O'Flannery,loflanneryha@jiathis.com,Gender Variant,United Kingdom,05/03/1944,$812327.38
624,Glennis,Caslin,gcaslinhb@earthlink.net,Neither,Sweden,11/12/1926,$658797.68
625,Cassius,Hamlyn,,Cisgender Woman,China,18/02/1990,$394918.70
626,Vanda,Sweetenham,vsweetenhamhd@salon.com,Intersex,China,12/01/1941,$466528.97
627,Gerhardine,Wohlers,,Trans Woman,Portugal,01/11/1937,$615122.56
628,Cart,Yedall,,Gender Questioning,Philippines,01/09/2002,$787541.36
629,Saunders,Littlewood,slittlewoodhg@imageshack.us,Two-Spirit,China,05/07/1945,$98967.89
630,Calv,Glenfield,cglenfieldhh@pcworld.com,Transgender Man,Greece,25/03/1973,$364181.85
631,Kevin,Abry,kabryhi@networksolutions.com,FTM,China,10/05/1999,$1083466.89
632,Carmita,Mohammad,cmohammadhj@vinaora.com,Cis Male,Russia,13/08/1995,$730485.70
633,Felicio,Di Bartolomeo,,Cisgender Male,China,19/02/1946,$645003.91
634,Rennie,Goldsbury,rgoldsburyhl@angelfire.com,Neither,Greece,26/12/1911,$303412.22
635,Bird,Kilbane,bkilbanehm@comsenz.com,Cis Female,Portugal,09/03/1951,$1090568.77
636,Brigid,Presdie,bpresdiehn@domainmarket.com,Cisgender Woman,China,21/07/1911,$159465.98
637,Natalina,Overnell,novernellho@admin.ch,FTM,China,01/01/1937,$218994.18
638,Alicia,Benson,abensonhp@istockphoto.com,Transgender Woman,Poland,05/01/1954,$670172.38
639,Wes,Aronovitz,waronovitzhq@prnewswire.com,Genderqueer,China,23/08/1914,$996964.18
640,Leicester,Thorowgood,lthorowgoodhr@fastcompany.com,Cisgender Woman,Brazil,05/05/2009,$479812.30
641,Benoite,Rickaby,brickabyhs@soup.io,Genderqueer,China,11/07/2004,$431660.97
642,Ann,Tilte,atilteht@skyrock.com,Transmasculine,Thailand,09/07/1927,$251348.09
643,Livvyy,Drewell,ldrewellhu@themeforest.net,Transsexual Person,Portugal,26/01/1966,$1075092.42
644,Erl,Lent,elenthv@wsj.com,Transsexual Man,Indonesia,31/01/2005,$287446.17
645,Luce,Virgoe,lvirgoehw@histats.com,Gender Nonconforming,Philippines,06/04/1947,$689101.42
646,Marijn,Rickasse,mrickassehx@soup.io,Transgender Man,Brazil,21/09/1952,$547567.82
647,Lisha,Taynton,ltayntonhy@slideshare.net,Two-Spirit,Iran,05/09/2001,$967146.14
648,Hector,Deave,,Neither,Bulgaria,30/08/1984,$1051816.10
649,Adolphus,Poetz,apoetzi0@sciencedaily.com,Androgynous,Botswana,11/03/1935,$289906.60
650,Ericha,Qualtro,equaltroi1@jalbum.net,Intersex,Brazil,03/06/1915,$1112718.02
651,Dareen,Thridgould,dthridgouldi2@mtv.com,Transsexual Woman,China,28/07/1990,$1046092.39
652,Briana,Arsey,barseyi3@histats.com,Cis Female,United States,10/08/1997,$743165.06
653,Faydra,Samarth,fsamarthi4@hostgator.com,Neutrois,Bulgaria,05/02/1935,$271143.18
654,Candi,Torrese,,Transmasculine,Ukraine,05/11/1919,$382417.91
655,Gerhardine,Crissil,gcrissili6@ft.com,Non-binary,Portugal,06/08/2003,$668656.26
656,Farly,Goracci,fgoraccii7@ted.com,Transgender Male,Malaysia,28/06/1917,$378456.11
657,Lilith,Fontel,,Androgyne,Indonesia,04/07/1968,$408897.34
658,Hilary,Kreutzer,hkreutzeri9@mozilla.org,Gender Nonconforming,Belarus,27/02/1915,$783260.36
659,Brandi,Godbert,bgodbertia@diigo.com,Gender Nonconforming,Nigeria,21/10/1921,$574471.46
660,Seamus,Giffkins,sgiffkinsib@multiply.com,Transsexual Man,Russia,24/09/1957,$378222.97
661,Arte,Alvar,aalvaric@sohu.com,Male to Female,China,23/11/1936,$700427.04
662,Petronille,Spain-Gower,pspaingowerid@hexun.com,Neither,Bosnia and Herzegovina,12/05/1977,$950491.64
663,Charmion,Castellino,ccastellinoie@ibm.com,Non-binary,Poland,12/05/2004,$662233.67
664,Victoria,Bore,vboreif@yandex.ru,Bigender,Bermuda,18/05/1958,$484046.45
665,Rhianna,Dufer,,Trans Male,Thailand,02/11/2005,$1004836.87
666,Ashleigh,Soppitt,asoppittih@hc360.com,Cis,China,08/12/1995,$966117.23
667,Normand,Raybould,,Cis Female,Poland,04/04/1909,$328236.63
668,Carver,Glasebrook,cglasebrookij@whitehouse.gov,Gender Fluid,China,23/04/1938,$825479.46
669,Marge,Yarr,myarrik@yelp.com,Trans Male,Thailand,09/07/1919,$515263.14
670,Shirlene,Peploe,speploeil@imdb.com,Trans Man,China,04/01/1914,$674227.05
671,Wileen,Duffitt,wduffittim@weibo.com,Transgender Man,Philippines,22/10/1961,$174221.71
672,Whit,Keyzor,wkeyzorin@is.gd,Cis,Brazil,06/06/1994,$517701.35
673,Lenka,Vardy,lvardyio@domainmarket.com,Transgender Person,Portugal,14/01/1986,$1045665.25
674,Rubia,Boomes,rboomesip@studiopress.com,Two-Spirit,China,29/01/1913,$187691.05
675,Marcellus,Legister,mlegisteriq@mapy.cz,Transgender Male,Uganda,06/05/1918,$46871.72
676,Jaymee,Vercruysse,,Androgyne,Canada,14/09/1935,$336825.60
677,Cathlene,Woodburn,cwoodburnis@behance.net,Transsexual Man,South Africa,04/01/1947,$59531.11
678,Elliott,Fursland,efurslandit@google.cn,Trans Man,China,13/06/1998,$180294.58
679,Larry,Elgee,lelgeeiu@netscape.com,Bigender,Indonesia,30/11/1959,$962225.90
680,Ashien,Norvill,anorvilliv@prnewswire.com,Female to Male,China,18/08/1967,$918075.75
681,Kerry,Curnucke,kcurnuckeiw@ca.gov,Transgender Person,Czech Republic,01/08/1990,$401960.22
682,Torie,Seleway,tselewayix@typepad.com,Neither,Portugal,14/09/1916,$1007083.13
683,Natalya,Roles,,Male to Female,China,07/02/1940,$245034.28
684,Oliviero,Treker,otrekeriz@clickbank.net,Cis Man,Peru,26/03/1904,$1109680.47
685,Remington,Wisniewski,rwisniewskij0@seattletimes.com,Female to Male,Mexico,20/01/1963,$406245.30
686,Hendrika,Garrand,hgarrandj1@sphinn.com,Male to Female,Armenia,05/08/1975,$880354.26
687,Chere,Gibke,,Transfeminine,France,16/07/2006,$645152.39
688,Dulsea,Furman,dfurmanj3@webnode.com,Trans,Mauritius,03/06/1936,$507223.35
689,Berky,Mantz,bmantzj4@constantcontact.com,Cisgender Man,Russia,28/11/1967,$650359.60
690,Dasi,Grey,dgreyj5@fda.gov,Transgender Female,China,16/05/1930,$512206.04
691,Yuri,Chipping,ychippingj6@delicious.com,Androgynous,Russia,07/08/2008,$631408.72
692,Prudence,Diamant,,Trans Man,Brazil,28/02/1976,$112459.46
693,Correy,Matschoss,cmatschossj8@arstechnica.com,Transfeminine,France,02/06/2006,$48582.55
694,Alessandro,Darbyshire,,Transsexual Woman,Portugal,25/04/1936,$665723.23
695,Jemima,Paddy,jpaddyja@netlog.com,Transsexual Man,France,31/05/1988,$468430.39
696,Brendan,Lander,blanderjb@free.fr,Trans Female,China,03/12/1953,$1057858.28
697,Wait,Alred,walredjc@github.com,Transsexual,Nigeria,11/03/1914,$1117126.58
698,Binni,Bault,bbaultjd@smugmug.com,Cis,China,29/01/1964,$763050.23
699,Neddie,Norbury,nnorburyje@google.co.uk,Transgender Male,Indonesia,01/12/1976,$848989.84
700,Clea,Caffery,ccafferyjf@photobucket.com,Transgender,Japan,24/10/1981,$364975.50
701,Ferdinand,Tramel,ftrameljg@bloglines.com,Cisgender Male,Sweden,21/03/1938,$1002384.68
702,Rice,Collister,rcollisterjh@w3.org,Gender Questioning,Indonesia,05/10/1936,$55792.39
703,Charmaine,Michieli,cmichieliji@twitpic.com,Trans Male,Czech Republic,02/07/1937,$790211.21
704,Minerva,Rotter,mrotterjj@mashable.com,Other,Ukraine,17/06/1929,$910673.37
705,Abbi,Sephton,,Transgender Woman,Sweden,08/10/1918,$189941.96
706,Clifford,Murname,cmurnamejl@google.com.br,Cis Female,Russia,30/03/1943,$731447.72
707,Herve,Seebright,hseebrightjm@addthis.com,Cis,China,05/02/1988,$253951.90
708,Minne,Maffi,mmaffijn@goodreads.com,Bigender,Mexico,23/05/1983,$985112.17
709,Gardener,Denisyev,gdenisyevjo@lycos.com,Cisgender Male,China,12/01/1947,$506005.24
710,Catlee,Conkling,,Bigender,United Kingdom,10/05/1966,$350607.69
711,Norry,Bridgewater,,Trans,Morocco,25/05/1985,$379315.82
712,Cristie,Carbery,ccarberyjr@senate.gov,Agender,Portugal,12/10/1928,$260002.13
713,Reinaldos,Dog,rdogjs@admin.ch,Cisgender,Belarus,13/02/1928,$842593.60
714,Jocko,Farlowe,jfarlowejt@gnu.org,Non-binary,China,11/04/1945,$1086084.75
715,Beryl,Wickmann,bwickmannju@statcounter.com,Genderqueer,Russia,02/02/1995,$328370.13
716,Denys,Grumley,dgrumleyjv@spotify.com,Two-Spirit,China,13/03/1923,$900998.24
717,Miltie,Toffoletto,,Trans,France,08/04/1906,$375672.37
718,Sarge,Crowther,scrowtherjx@trellian.com,Gender Variant,Brazil,18/01/1969,$467878.69
719,Josefina,Vobes,,Cisgender Woman,Indonesia,16/02/1909,$1064051.42
720,Pen,Rowlands,prowlandsjz@springer.com,Transsexual Woman,Burkina Faso,16/10/1985,$540894.63
721,Rubina,Mitie,rmitiek0@ning.com,Agender,Brazil,17/05/1972,$134925.91
722,Dannie,Copnar,dcopnark1@google.co.jp,Male to Female,China,07/10/1954,$748631.97
723,Deerdre,Filler,dfillerk2@howstuffworks.com,Transgender,Indonesia,01/03/2007,$642223.43
724,Bunni,Spridgeon,bspridgeonk3@sina.com.cn,Trans Female,Ukraine,30/05/1994,$592459.12
725,Xylina,Maskall,xmaskallk4@state.tx.us,Intersex,Indonesia,20/06/1969,$971772.55
726,Tammi,Baudic,tbaudick5@list-manage.com,Agender,Portugal,14/04/1921,$202397.13
727,Ethelind,Pentony,epentonyk6@buzzfeed.com,MTF,Poland,29/09/1934,$481077.22
728,Lyn,Heckner,lhecknerk7@eepurl.com,Transfeminine,Philippines,03/07/1968,$993438.86
729,Alayne,Disley,adisleyk8@skyrock.com,MTF,Ukraine,08/03/1984,$1071834.51
730,Eran,Haslen,ehaslenk9@earthlink.net,Cisgender Male,China,13/06/1941,$1086890.37
731,Antonella,Norton,,Male to Female,Yemen,14/09/1962,$1113089.69
732,Jilly,Cridlon,jcridlonkb@theatlantic.com,Trans Male,Philippines,11/03/2001,$461530.89
733,Christy,Squelch,,Pangender,Palestinian Territory,12/08/1951,$754600.12
734,Aubrey,Samuels,asamuelskd@hud.gov,Cis Woman,Syria,03/03/1957,$512614.32
735,Alanson,Klesel,,Transgender Man,Malta,15/06/1997,$240383.71
736,Salmon,Smiley,ssmileykf@netscape.com,Trans Male,Portugal,03/08/1969,$971852.71
737,Wenona,Vernazza,,Transsexual Male,Thailand,25/08/1916,$796794.83
738,Royall,Leasor,rleasorkh@geocities.jp,Transsexual Man,Philippines,14/08/1971,$179717.62
739,Gene,Oldacre,goldacreki@imdb.com,Neutrois,Uzbekistan,03/07/1939,$859636.02
740,Terrye,Annies,tannieskj@dell.com,Cisgender Woman,Greece,02/04/1967,$724794.51
741,Zenia,Docket,zdocketkk@mtv.com,Trans Man,Vietnam,25/03/1981,$562901.68
742,Damiano,Gimson,dgimsonkl@uiuc.edu,Transsexual Man,China,12/08/1943,$292300.76
743,Gav,Stonhewer,gstonhewerkm@cyberchimps.com,FTM,Philippines,30/03/1919,$1033413.88
744,Cary,Neilly,cneillykn@loc.gov,Gender Variant,Croatia,10/01/1990,$736050.24
745,Dougie,Sunnex,dsunnexko@cnn.com,Androgyne,Brazil,31/01/1936,$479559.44
746,Daren,Dell'Abbate,,Androgyne,Kazakhstan,13/05/1966,$620699.80
747,Che,Cords,ccordskq@histats.com,Gender Questioning,Indonesia,03/09/1915,$92793.59
748,Delano,Dupree,ddupreekr@fastcompany.com,MTF,Greece,02/09/1995,$68318.05
749,Coleen,Laurentino,,Cisgender Man,United States,16/08/2001,$81243.35
750,Nigel,Petch,,Cis Male,China,15/04/1973,$459967.92
751,Lyell,Balcon,,Androgynous,Russia,09/06/1935,$449841.15
752,Phillida,Powlett,ppowlettkv@prlog.org,Cisgender Woman,Japan,04/10/1971,$445973.21
753,Udall,Gauld,ugauldkw@mit.edu,Trans Woman,Sweden,01/07/1910,$669679.43
754,Patti,Stibbs,,Androgynous,Czech Republic,31/12/1934,$718024.76
755,Sadye,Anshell,sanshellky@google.com,Cisgender,China,01/10/1918,$22234.18
756,Olympe,Raftery,orafterykz@disqus.com,Transgender Male,China,01/10/1950,$951199.59
757,Meade,Kinneally,mkinneallyl0@jimdo.com,Transsexual Person,Philippines,02/06/1905,$187711.00
758,Nat,Teape,,Transgender Male,Albania,06/02/1930,$91480.48
759,Rinaldo,Bambrugh,rbambrughl2@networkadvertising.org,Trans,Czech Republic,19/09/1931,$1083724.95
760,Robinia,Bryenton,rbryentonl3@soundcloud.com,Transmasculine,Indonesia,06/07/1978,$193166.98
761,Caldwell,Burroughes,cburroughesl4@gizmodo.com,Transgender Woman,Indonesia,01/12/1993,$288977.03
762,Car,Hakonsson,,Genderqueer,Kazakhstan,21/04/1999,$239426.59
763,Crosby,Tunnadine,,Neither,Philippines,24/07/1984,$819343.39
764,Ardyth,Titley,atitleyl7@cdbaby.com,Transsexual Man,Poland,09/01/1982,$391962.32
765,Geoffrey,Cattellion,,Transgender Person,Chad,07/03/2009,$1006879.41
766,Maurizio,Colpus,mcolpusl9@wunderground.com,MTF,Georgia,29/01/1960,$281139.14
767,Sibilla,Beatens,,Neither,China,20/02/1959,$396904.82
768,Stepha,Entwisle,sentwislelb@lycos.com,Transgender Woman,China,07/06/1919,$207380.81
769,Sande,Dagwell,sdagwelllc@webnode.com,Transsexual,China,06/09/1942,$1074840.85
770,Brenn,Dudden,,Trans Woman,Malaysia,17/11/1950,$559551.50
771,Katrine,Kefford,kkeffordle@multiply.com,Trans Man,Albania,31/10/1959,$806200.37
772,Robert,McMechan,,Pangender,Yemen,20/03/1914,$532945.64
773,Candis,Pafford,cpaffordlg@uol.com.br,Other,Nigeria,26/04/1979,$50261.92
774,Terrell,Ashborn,,Cisgender Female,Philippines,21/10/1954,$979983.45
775,Saleem,Vigneron,svigneronli@xing.com,Trans Female,Thailand,26/12/1965,$641084.98
776,Bordie,O'Shea,boshealj@themeforest.net,Trans Person,Indonesia,21/03/1923,$385344.99
777,Saundra,Scragg,,Genderqueer,Mexico,24/11/2007,$686473.75
778,Fiona,Casterton,fcastertonll@cdbaby.com,Androgyne,Jamaica,13/11/1941,$99104.94
779,Chrysler,Matuszak,,Trans,Russia,01/06/1994,$554568.74
780,Ailene,Goodge,agoodgeln@qq.com,Cis,Poland,04/08/1963,$311681.43
781,Midge,Autry,,Transmasculine,China,19/12/1967,$853777.48
782,Jarib,Wharram,jwharramlp@samsung.com,Gender Questioning,Pakistan,27/10/1988,$835563.10
783,Rochella,Ferrario,rferrariolq@livejournal.com,FTM,China,21/01/1964,$109091.33
784,Elset,Hooban,ehoobanlr@cocolog-nifty.com,Genderqueer,Poland,12/12/1954,$592185.60
785,Evita,Heintsch,eheintschls@github.io,Trans Person,North Korea,14/05/1904,$947826.28
786,Melva,Kilbey,,Transgender Woman,Poland,02/12/1904,$260806.73
787,Regine,Kick,,Transsexual Person,Mexico,05/02/2001,$792775.19
788,Constanta,Hedlestone,chedlestonelv@hubpages.com,Transsexual Woman,China,28/04/2001,$235067.00
789,Sutton,Gawthrop,sgawthroplw@google.de,Other,France,03/09/1926,$336023.20
790,Thomasina,Vaughn,,Transsexual Person,Nicaragua,08/09/1966,$1119024.37
791,Holly-anne,Lazenby,,Gender Questioning,China,29/11/1949,$633357.04
792,Reynolds,Collet,rcolletlz@china.com.cn,Cisgender Man,Angola,03/12/1977,$601916.18
793,Dion,Woolland,dwoollandm0@themeforest.net,Transsexual Female,Russia,29/08/1908,$853991.92
794,Terrence,Colling,tcollingm1@oracle.com,Pangender,Brazil,28/07/1906,$84021.72
795,Guido,Bowskill,,Transsexual Person,China,20/05/1924,$585734.96
796,Minne,Eddicott,meddicottm3@timesonline.co.uk,Cisgender Female,Peru,05/12/1917,$691040.47
797,Manya,Hankins,mhankinsm4@phpbb.com,Two-Spirit,Saudi Arabia,05/12/1921,$114711.92
798,Gavrielle,Locker,glockerm5@com.com,Neither,Israel,08/03/1917,$261107.33
799,Terrie,Bellam,tbellamm6@yellowbook.com,Trans Female,Argentina,15/11/1931,$860855.37
800,Clio,House,chousem7@bluehost.com,Female to Male,France,29/04/1983,$861823.98
801,Sophi,Skittreal,sskittrealm8@yale.edu,Agender,Russia,06/12/1950,$193056.76
802,Diana,Dagworthy,ddagworthym9@dion.ne.jp,Transfeminine,Indonesia,02/08/1976,$765809.98
803,Frayda,Robey,,Transgender Woman,France,11/11/1907,$949587.57
804,Babb,Hanselmann,,Trans Man,China,09/11/1958,$1023931.01
805,Kenneth,Meere,kmeeremc@cocolog-nifty.com,Gender Fluid,Guatemala,08/10/1995,$312239.20
806,Marijo,Ricciardo,mricciardomd@reference.com,Agender,China,26/08/1979,$36620.10
807,Alicea,Signore,asignoreme@nytimes.com,Transgender Male,France,07/04/1969,$559255.84
808,Raymund,Leemans,rleemansmf@uol.com.br,Transsexual Person,Philippines,03/12/1955,$1087781.54
809,Celinda,Baford,cbafordmg@drupal.org,Transfeminine,Albania,16/04/2001,$485189.04
810,Carolyn,Froud,cfroudmh@theglobeandmail.com,Cisgender,Poland,03/12/1935,$441394.59
811,Humphrey,Ayrs,hayrsmi@dmoz.org,Transgender Person,Chile,02/01/1931,$963136.52
812,Jed,MacLaverty,jmaclavertymj@fc2.com,Genderqueer,Thailand,26/02/2009,$1096738.48
813,Mureil,Gonsalvo,,Cisgender Man,Indonesia,21/03/1989,$888884.93
814,Cirstoforo,Demangeon,cdemangeonml@mapy.cz,Transgender Person,Portugal,27/02/1972,$555629.70
815,Ekaterina,Shellcross,eshellcrossmm@surveymonkey.com,Transsexual Man,Indonesia,17/03/1974,$218841.84
816,Ame,Muschette,amuschettemn@chron.com,Cisgender Man,Philippines,24/10/1954,$999794.12
817,Caspar,Shewring,cshewringmo@theatlantic.com,Non-binary,Indonesia,08/08/1910,$771501.44
818,Aluin,Bezemer,abezemermp@woothemes.com,Cis Female,Ireland,30/01/1949,$415510.36
819,Mimi,O' Dooley,,Transgender Male,Philippines,31/07/1935,$1081656.35
820,Riane,Franses,rfransesmr@aol.com,Transsexual,China,15/03/1914,$316490.46
821,Joyan,Baulch,jbaulchms@storify.com,Trans Man,Poland,19/06/1962,$21130.59
822,Kimmi,Esmead,,Transgender,Indonesia,27/11/1995,$638346.47
823,Davine,McMichael,dmcmichaelmu@illinois.edu,Genderqueer,Malaysia,12/10/1992,$138543.42
824,Brewster,Meak,bmeakmv@amazon.de,Cis,Poland,18/12/1912,$531032.86
825,Chrissie,Josowitz,cjosowitzmw@virginia.edu,Transsexual,Philippines,19/12/1930,$552734.63
826,Jacquenetta,Thrussell,,Other,Malta,08/02/1907,$913751.78
827,Billie,Bramble,bbramblemy@shareasale.com,Cisgender,Indonesia,15/11/2007,$598639.85
828,Herc,Antosik,hantosikmz@google.com,Gender Nonconforming,Vietnam,03/11/1961,$973980.13
829,Aubine,De Stoop,adestoopn0@statcounter.com,Transsexual Male,Pakistan,22/10/1905,$443402.41
830,Reeba,Lacy,rlacyn1@imdb.com,Transgender Person,Czech Republic,29/06/1965,$277973.43
831,Matt,Harfleet,mharfleetn2@umich.edu,Genderqueer,Argentina,13/05/1951,$404526.29
832,Georgena,Shambroke,gshambroken3@deviantart.com,Transfeminine,Thailand,09/09/1946,$481550.01
833,Travus,Garrity,tgarrityn4@taobao.com,Pangender,Portugal,27/11/1976,$754534.88
834,Juliana,McGivena,jmcgivenan5@sohu.com,Other,Bosnia and Herzegovina,02/04/1970,$108803.05
835,Brit,Tregiddo,btregiddon6@census.gov,Neutrois,Philippines,09/03/2001,$704274.49
836,Willi,Rowston,,Cis Man,Nepal,17/12/1965,$169916.73
837,Murry,Titman,,Transsexual,Thailand,09/06/1922,$1063309.01
838,Delinda,Cronk,,Trans Person,Philippines,09/05/1997,$1121096.02
839,Elnora,Tattoo,etattoona@youtu.be,Cis Woman,Pakistan,08/06/1977,$518469.19
840,Malissia,Linfitt,mlinfittnb@merriam-webster.com,Trans,Philippines,11/10/1985,$394027.11
841,Ailyn,O'Hdirscoll,aohdirscollnc@census.gov,Transgender Male,Indonesia,21/04/2001,$752535.12
842,Devina,Sphinxe,dsphinxend@prweb.com,MTF,Sweden,02/12/1966,$1033093.03
843,Alice,Frushard,,Neutrois,Poland,28/12/1970,$559348.28
844,Alexa,Wyer,awyernf@tiny.cc,Cis Female,United States,19/07/1923,$931049.63
845,Channa,Rimmer,,Cisgender Male,Costa Rica,09/12/1908,$377961.40
846,Witty,Zorzi,wzorzinh@un.org,Cisgender Man,France,26/05/1999,$269734.59
847,Jethro,Gircke,jgirckeni@hugedomains.com,Cis Male,United Kingdom,25/12/1940,$773431.99
848,Ben,Burril,,Trans Man,Kazakhstan,12/09/1985,$926137.15
849,Bryna,Butting,bbuttingnk@spotify.com,Transgender Man,China,17/10/1939,$1002002.26
850,Kelley,Potteridge,kpotteridgenl@prnewswire.com,Transgender Woman,Australia,20/06/1946,$723293.23
851,Avigdor,Ralton,araltonnm@woothemes.com,Transgender Male,Bulgaria,14/06/1947,$387147.14
852,Ladonna,Beecker,lbeeckernn@deliciousdays.com,Cis Male,China,24/01/1907,$163077.56
853,Artair,Noddle,,Other,Afghanistan,22/03/1982,$265664.32
854,Alexandre,Keilloh,akeillohnp@domainmarket.com,Trans Man,China,22/06/1909,$404938.01
855,Aile,Blasl,ablaslnq@miitbeian.gov.cn,Gender Variant,Norway,13/04/1968,$1063210.44
856,Jarred,Mazzei,jmazzeinr@altervista.org,Bigender,El Salvador,29/11/1912,$741676.96
857,Adele,Davidofski,adavidofskins@gmpg.org,Gender Fluid,Ukraine,23/05/2000,$76450.88
858,Audrey,Funnell,afunnellnt@exblog.jp,Two-Spirit,Peru,16/10/1989,$999506.48
859,Garrik,Pietraszek,gpietraszeknu@blogtalkradio.com,Transgender,Russia,12/03/1981,$278675.44
860,Euell,Honatsch,ehonatschnv@wordpress.org,Non-binary,Indonesia,02/10/1950,$902057.31
861,Tildy,Potes,,Non-binary,Philippines,14/11/1979,$263362.32
862,Marla,Rubinsztein,mrubinszteinnx@amazon.co.uk,Trans,Slovenia,02/06/1970,$724734.37
863,Jone,Shiril,jshirilny@printfriendly.com,Intersex,Sweden,25/02/1906,$885632.28
864,Marnia,Kettles,mkettlesnz@e-recht24.de,Trans Person,Argentina,03/05/1978,$983342.27
865,Ronald,Klamman,rklammano0@eventbrite.com,Trans Female,Russia,11/03/1969,$809014.83
866,Jacqueline,Pitrelli,,Transgender Woman,France,05/03/2001,$1043798.45
867,Carlie,Cristoforo,ccristoforoo2@utexas.edu,Transsexual,Chile,20/05/1922,$351616.18
868,Drusilla,Entwisle,,Cisgender Male,Philippines,18/01/1966,$574796.79
869,Ferd,Cheshir,,Gender Nonconforming,Poland,18/12/1935,$153605.41
870,Claudelle,Entreis,centreiso5@umn.edu,Transsexual Person,Russia,11/08/1986,$975327.55
871,Benedicto,Zapater,bzapatero6@theglobeandmail.com,Transsexual Man,Ukraine,20/08/1912,$173982.08
872,Olivier,Mc Meekan,omcmeekano7@example.com,Transmasculine,Brazil,08/03/1960,$771126.27
873,Freddy,Vlasenko,fvlasenkoo8@columbia.edu,Bigender,Honduras,10/08/1914,$20989.17
874,Olivero,Goodbairn,ogoodbairno9@exblog.jp,Trans Male,China,03/05/1976,$95301.61
875,Juliane,Franz,jfranzoa@shop-pro.jp,Androgyne,Belarus,03/12/1928,$734720.65
876,Sal,Hatt,shattob@cnn.com,MTF,Thailand,28/11/1972,$698624.07
877,Marlie,Wadly,mwadlyoc@skyrock.com,Transgender Man,China,21/05/1974,$268404.08
878,Oralia,Metzke,ometzkeod@vk.com,Cisgender Man,China,06/09/1921,$481053.89
879,Jammal,Legate,jlegateoe@fotki.com,Cis Man,Indonesia,27/06/1979,$713012.90
880,Sheffield,Cornock,scornockof@blogtalkradio.com,Other,Ukraine,20/03/1914,$736394.53
881,Antonetta,Matschke,amatschkeog@cloudflare.com,Transsexual,Honduras,07/12/1931,$420955.20
882,Zachary,Blades,zbladesoh@howstuffworks.com,Trans Male,Poland,13/02/1948,$908956.06
883,Thorn,Scain,tscainoi@nationalgeographic.com,Transgender Male,Finland,13/02/1953,$408433.71
884,Orelle,Burnett,oburnettoj@chron.com,Transfeminine,Argentina,02/07/1935,$858298.47
885,Robinet,Bruckshaw,rbruckshawok@webeden.co.uk,Cis Woman,Tanzania,21/01/1947,$295428.51
886,Jaimie,Bogays,,Transfeminine,Yemen,03/07/1961,$94720.80
887,Brook,Karpushkin,bkarpushkinom@ibm.com,Cis Male,Poland,02/11/1942,$387214.43
888,Ludwig,Maudson,lmaudsonon@hugedomains.com,Androgynous,Lithuania,01/12/2003,$801324.28
889,Katharyn,Leedes,kleedesoo@oaic.gov.au,Pangender,Portugal,29/08/1954,$816500.56
890,Carie,Pyott,cpyottop@360.cn,Trans Male,Papua New Guinea,31/08/1964,$157546.80
891,Rolando,Batalini,,Androgynous,China,09/09/1960,$887579.13
892,Lars,Ixer,lixeror@europa.eu,Cisgender Male,Tanzania,29/12/1959,$519980.26
893,Claudian,Dolan,cdolanos@cdc.gov,Genderqueer,Philippines,23/06/1945,$495709.43
894,Raven,Golden,rgoldenot@drupal.org,Genderqueer,Uganda,14/09/2005,$1037076.79
895,Hazel,Abbott,habbottou@newyorker.com,Cisgender Female,China,06/04/1968,$616223.57
896,Rosalyn,Chaffe,rchaffeov@soundcloud.com,Genderqueer,France,08/09/2002,$230276.72
897,Fey,Roderighi,,MTF,Japan,24/04/1946,$400425.49
898,Wendie,Abdey,wabdeyox@chronoengine.com,Transsexual Woman,Chile,16/01/2005,$433517.61
899,Rock,Oakinfold,roakinfoldoy@scientificamerican.com,Transsexual Man,China,15/05/1904,$417129.49
900,Timotheus,Chatelet,tchateletoz@geocities.jp,Trans Person,Serbia,02/12/1927,$1065493.08
901,Mack,Binley,mbinleyp0@redcross.org,Transsexual Man,China,08/03/1942,$182725.97
902,Ginger,Tooher,gtooherp1@toplist.cz,Non-binary,China,20/02/2008,$142639.78
903,Tiff,Arman,tarmanp2@tumblr.com,Transsexual,France,29/03/1995,$181135.26
904,Den,Stoaks,dstoaksp3@wunderground.com,Cisgender Man,Russia,17/03/1934,$193592.08
905,Ellerey,Bilovsky,ebilovskyp4@senate.gov,Androgynous,Portugal,20/03/1918,$326364.33
906,Gardiner,Goadbie,ggoadbiep5@google.nl,Transgender Person,France,24/09/2008,$90320.16
907,Katina,Grief,kgriefp6@businessinsider.com,Cisgender Female,Ivory Coast,02/02/1938,$580879.13
908,Roxy,Sidle,rsidlep7@hp.com,Pangender,Peru,16/03/1904,$728689.16
909,Jori,Medlen,,Cisgender Female,Sweden,04/03/1985,$859236.02
910,Beauregard,Rist,bristp9@vk.com,Androgynous,Argentina,17/11/1921,$480033.17
911,Franciskus,Raisher,fraisherpa@chicagotribune.com,Transsexual,Lesotho,27/04/2006,$415349.08
912,Zachery,Sparhawk,zsparhawkpb@printfriendly.com,Cisgender Female,Mexico,01/09/1908,$121240.58
913,Lucie,Father,lfatherpc@zimbio.com,Trans Man,China,04/10/1995,$658559.28
914,Cilka,Cristou,,Cis Woman,Argentina,11/02/1991,$1002354.85
915,Fraze,Chatterton,fchattertonpe@samsung.com,Gender Questioning,Indonesia,26/03/1962,$449106.62
916,Winfield,Dunbavin,wdunbavinpf@go.com,Transsexual Woman,Brazil,30/10/1966,$449880.84
917,Roxana,MacIlwrick,rmacilwrickpg@pcworld.com,Gender Fluid,Russia,02/10/1968,$1109886.49
918,Genvieve,Wilce,gwilceph@flickr.com,Transgender,New Zealand,04/12/1936,$203123.04
919,Odie,Cartman,ocartmanpi@quantcast.com,Gender Questioning,Nigeria,13/10/2001,$1062937.74
920,Hubie,Gantlett,hgantlettpj@phpbb.com,Transgender Male,Czech Republic,16/04/1949,$452939.70
921,Gratiana,Friedank,gfriedankpk@google.ca,Female to Male,Ethiopia,21/04/1927,$122779.79
922,Salvatore,Romeo,sromeopl@linkedin.com,Non-binary,Philippines,15/06/1950,$823840.43
923,Alonzo,Fazackerley,afazackerleypm@ftc.gov,Cisgender Woman,China,29/04/1993,$1108717.63
924,Broddie,Izat,bizatpn@dyndns.org,Transgender Male,Indonesia,05/07/1968,$172881.73
925,Marika,Owbrick,mowbrickpo@mysql.com,Transgender Male,Indonesia,16/06/1913,$689098.77
926,Rosalia,Aisthorpe,,Transgender Man,Brazil,03/05/1905,$627417.14
927,Nehemiah,Malia,nmaliapq@earthlink.net,Gender Nonconforming,China,17/07/1948,$41219.42
928,Eward,Tinline,etinlinepr@biblegateway.com,Male to Female,France,12/09/1964,$943886.03
929,Inglis,Sterland,,Transmasculine,Kazakhstan,06/08/1917,$282935.33
930,Ilysa,Chidwick,,Transsexual Male,Malta,14/04/1956,$1068557.72
931,Webster,Dennison,wdennisonpu@slashdot.org,Transsexual Male,Iran,04/10/1990,$205295.48
932,Janenna,Rizon,jrizonpv@linkedin.com,MTF,Peru,03/02/1980,$1032093.70
933,Marge,Bail,mbailpw@ca.gov,Trans Man,Philippines,06/06/1906,$362519.84
934,Natalya,Ocklin,,Transsexual Female,Canada,18/06/1987,$1088444.37
935,Gaspard,Edgeson,gedgesonpy@ucsd.edu,Transmasculine,Philippines,09/08/1957,$971202.10
936,Georgie,Pelos,,Cisgender Woman,Luxembourg,26/04/1948,$834503.49
937,Tanya,Bebis,tbebisq0@jiathis.com,Androgyne,Philippines,21/04/1973,$1098000.12
938,Upton,Moncaster,umoncasterq1@skyrock.com,Pangender,Poland,14/08/1965,$53094.11
939,Neila,Ector,nectorq2@ftc.gov,Transgender,Norway,13/05/1947,$180853.41
940,Binny,Parram,bparramq3@nsw.gov.au,Trans Man,China,23/03/1946,$807617.79
941,Lynnette,Drewery,,Female to Male,Germany,02/03/1986,$587955.44
942,Merla,O'Codihie,mocodihieq5@army.mil,Transgender Woman,China,18/11/1977,$542851.87
943,Ernst,Baverstock,ebaverstockq6@cyberchimps.com,Cis Male,Nepal,23/02/1957,$1047077.72
944,Gareth,Eagle,geagleq7@fotki.com,Male to Female,Philippines,10/03/1919,$415412.41
945,Maure,Nollet,,Cisgender Female,Portugal,19/02/1954,$839612.34
946,Pammie,Gaskoin,pgaskoinq9@theglobeandmail.com,Transgender Man,Russia,21/02/1918,$860580.89
947,Emmalee,Casse,ecasseqa@reference.com,Androgynous,Brazil,26/12/1999,$410212.49
948,Fidelia,Gavin,fgavinqb@globo.com,Androgyne,United States,11/10/1930,$549098.66
949,Marice,Rubroe,,Androgyne,Nepal,01/11/1922,$388075.43
950,Noam,Shillam,nshillamqd@hao123.com,Gender Questioning,Indonesia,28/06/1953,$80883.58
951,Oneida,Bickell,obickellqe@infoseek.co.jp,FTM,Peru,09/01/1953,$650604.98
952,Giulietta,Phillimore,,Transgender Woman,China,25/12/1977,$1109198.26
953,Parnell,Olyonov,polyonovqg@about.me,Cisgender,Israel,18/01/1945,$368101.42
954,Reed,Beadnell,rbeadnellqh@hp.com,Genderqueer,Russia,24/01/1962,$946838.78
955,Sileas,Kinastan,skinastanqi@mysql.com,Transmasculine,Ethiopia,27/05/1910,$1052792.59
956,Marabel,Duigenan,mduigenanqj@webs.com,Cis Man,Mongolia,04/03/1989,$913495.31
957,Dotty,Charlton,dcharltonqk@china.com.cn,Cisgender Female,France,19/02/1940,$965979.80
958,Whitman,Flieger,wfliegerql@marriott.com,Transgender Woman,Poland,03/12/1994,$199401.27
959,Lief,Sudy,,Gender Questioning,Kosovo,01/06/1943,$488346.28
960,Arlan,Devany,adevanyqn@shareasale.com,Other,Norway,30/03/2007,$736885.96
961,Aubrey,Dineen,adineenqo@slideshare.net,Non-binary,Ethiopia,22/05/1996,$262413.79
962,Kenon,Volage,kvolageqp@eventbrite.com,Cis Man,France,30/11/1906,$651539.43
963,Elysee,South,esouthqq@wisc.edu,Transsexual Male,Iraq,18/02/1911,$336612.51
964,Levey,Engledow,lengledowqr@amazon.com,Agender,Indonesia,08/04/1938,$28882.87
965,Haven,Cottham,,Transsexual Male,Indonesia,30/11/1943,$898818.71
966,Eldon,McGann,,Neither,China,14/09/1988,$260663.19
967,Denis,Klimkowski,dklimkowskiqu@amazon.de,Intersex,Indonesia,06/03/1973,$91893.14
968,Perri,Lawey,plaweyqv@ucoz.com,Gender Nonconforming,China,30/12/1905,$988239.89
969,Base,Hedman,bhedmanqw@sfgate.com,Agender,Philippines,19/11/1919,$322377.63
970,Johanna,Battabee,jbattabeeqx@shinystat.com,Transsexual Female,Ukraine,01/10/1912,$536131.62
971,Curt,De Freyne,cdefreyneqy@discovery.com,Cisgender Woman,France,11/08/1958,$704667.52
972,Denny,Rubinowicz,drubinowiczqz@comcast.net,Gender Fluid,China,28/06/2004,$768081.23
973,Corrie,Hatchette,chatchetter0@51.la,Cis Woman,Russia,14/02/1959,$716049.27
974,Maxwell,Teale,,FTM,Jordan,26/06/1956,$582066.30
975,Raul,Andrieux,randrieuxr2@netscape.com,Genderqueer,China,19/12/1988,$586383.55
976,Gabriel,Turland,gturlandr3@dropbox.com,Transmasculine,China,19/02/1941,$189642.53
977,Tiffy,Ranby,tranbyr4@reuters.com,Non-binary,Argentina,23/10/1992,$1031410.88
978,Talyah,Hassan,,Cis Man,Russia,13/02/1913,$610325.19
979,Hilary,McCreery,hmccreeryr6@ucoz.ru,Transsexual Female,Indonesia,01/06/1990,$559189.26
980,Fee,Ockland,,Agender,Thailand,03/10/1922,$679494.06
981,Al,Housbey,ahousbeyr8@twitpic.com,Cis,Sweden,17/05/1968,$945811.24
982,Quinn,Eadon,,Transmasculine,France,27/05/2007,$939517.04
983,Erin,Dhennin,edhenninra@blogspot.com,Transsexual,Portugal,31/10/1989,$509890.90
984,Markus,Fortesquieu,mfortesquieurb@sphinn.com,Transsexual Female,Venezuela,28/10/1948,$248297.56
985,Matilda,Munden,,Transsexual Man,Central African Republic,04/08/1998,$1077581.45
986,Aloysius,Causer,,Transgender Person,Poland,27/01/1920,$794795.56
987,Nicolai,Strike,,MTF,Indonesia,28/10/1945,$278587.20
988,Isabelle,Pervoe,ipervoerf@nih.gov,Cis Woman,Philippines,27/08/1927,$570474.81
989,Norton,Filyukov,nfilyukovrg@shinystat.com,Transsexual,China,09/05/1992,$404258.83
990,Alford,Vidineev,avidineevrh@behance.net,Androgynous,Indonesia,31/01/1925,$1032383.18
991,Lilas,Benedict,lbenedictri@dropbox.com,Transfeminine,Poland,22/09/1905,$893086.62
992,Brenna,Bartrum,bbartrumrj@buzzfeed.com,Non-binary,Peru,28/01/1937,$131538.97
993,Iosep,Staves,,Genderqueer,Russia,15/05/1971,$1057070.20
994,Mireille,Muir,,Transsexual Person,Poland,02/04/1919,$193038.04
995,Truman,Ashleigh,,Gender Nonconforming,Indonesia,31/05/1959,$268207.25
996,Cary,Dullingham,cdullinghamrn@redcross.org,Transgender Male,Azerbaijan,17/10/1969,$52917.97
997,Juana,Citrine,jcitrinero@intel.com,Transgender Male,Indonesia,13/11/1958,$864818.27
998,Aubrey,Saker,asakerrp@tinyurl.com,Transgender Male,China,07/06/2004,$522979.69
999,Clemmy,Brumwell,cbrumwellrq@hhs.gov,Trans Person,Portugal,10/01/1980,$819586.41
1000,Peggie,Bowle,pbowlerr@theguardian.com,Transgender Woman,China,29/11/1971,$46817.29
