id,first_name,last_name,email,gender,country_of_birth,date_of_birth,year_salary
1,Janith,Sebert,,Female,China,02/11/1911,$329187.50
2,Far,Nuton,fnuton1@tuttocitta.it,Male,Brazil,05/05/1953,$711086.70
3,Stephi,Dumbrell,,Female,Philippines,11/03/1960,$137019.06
4,Rickie,Chessun,rchessun3@mac.com,Male,China,29/12/2008,$961386.96
5,Mar,Tomasino,mtomasino4@wsj.com,Male,Thailand,30/05/1915,$741772.02
6,Dud,Strond,dstrond5@surveymonkey.com,Male,Vietnam,26/11/1942,$1113446.25
7,Dorree,Senten,,Female,Portugal,11/11/1929,$255897.00
8,Pepito,Jansens,pjansens7@tinyurl.com,Male,Poland,08/10/2004,$956447.29
9,Roxine,Skune,rskune8@netscape.com,Female,Indonesia,16/05/1997,$18378.03
10,Mikaela,Sives,msives9@csmonitor.com,Female,Japan,01/01/1956,$103806.66
11,Tarrance,Braddon,tbraddona@scribd.com,Male,Chile,24/07/1991,$1073649.62
12,Andy,Parkey,,Male,Peru,30/03/1954,$275039.31
13,Patten,Boorn,pboornc@constantcontact.com,Male,Estonia,26/11/1990,$605844.37
14,Jedd,Gabbatiss,,Male,Indonesia,20/07/2009,$30155.18
15,Read,Frowing,,Male,Indonesia,03/05/1918,$674193.92
16,Judie,Masdon,jmasdonf@angelfire.com,Female,New Zealand,20/10/1926,$1096236.31
17,Dominic,Bedburrow,dbedburrowg@bbb.org,Male,United States,03/07/1980,$471951.34
18,Gussy,McAreavey,gmcareaveyh@stanford.edu,Female,Philippines,17/08/2003,$743247.72
19,Adele,Gerram,agerrami@yellowpages.com,Female,China,17/04/1907,$372236.47
20,Braden,Allcorn,,Male,Slovenia,21/11/1978,$1189317.94
21,Lu,Penwarden,lpenwardenk@delicious.com,Female,Jamaica,18/11/1999,$372412.45
22,Ashlan,Kinzel,akinzell@deliciousdays.com,Female,Laos,01/02/1922,$679700.89
23,Sibilla,Keyho,skeyhom@usnews.com,Female,China,06/10/1999,$1035039.20
24,Toinette,Nowland,tnowlandn@yale.edu,Female,Thailand,16/04/1961,$118479.81
25,Kendricks,Guitt,kguitto@nasa.gov,Male,Peru,01/01/1906,$568274.02
26,Mada,Stockow,mstockowp@opera.com,Female,China,22/04/1929,$267994.66
27,Vinnie,Rosini,vrosiniq@printfriendly.com,Male,Ukraine,28/10/1935,$718061.63
28,Royall,Quodling,,Male,China,30/11/1978,$1070069.51
29,Maritsa,Arckoll,marckolls@elegantthemes.com,Female,China,06/01/1999,$539186.25
30,Tedie,Pflieger,tpfliegert@fastcompany.com,Male,Cuba,16/06/1936,$23636.61
31,Clem,Isabell,cisabellu@icq.com,Female,China,08/08/1962,$72676.25
32,Timothea,Clinning,tclinningv@admin.ch,Female,Ukraine,16/03/1977,$144240.52
33,Kip,Leindecker,kleindeckerw@mapquest.com,Female,China,02/07/1950,$461763.21
34,Roddie,D'Souza,rdsouzax@adobe.com,Male,Russia,12/04/2000,$62621.84
35,Alfred,Ivanchin,aivanchiny@amazon.co.jp,Male,Italy,21/07/1967,$933942.61
36,Krissie,Moquin,kmoquinz@ft.com,Female,Peru,01/06/1981,$835127.36
37,Ianthe,Marti,imarti10@ifeng.com,Female,France,17/10/1970,$616194.76
38,Carlin,Lydall,clydall11@uol.com.br,Male,Canada,06/01/1908,$345269.73
39,Reggy,Brawley,rbrawley12@slate.com,Male,Ireland,25/02/2009,$1083074.98
40,Gabrila,Nashe,,Female,Indonesia,21/12/1969,$290203.92
41,Gates,Symper,,Female,Peru,06/06/1991,$848199.60
42,Bria,Infantino,binfantino15@plala.or.jp,Female,Peru,13/10/1928,$868776.34
43,Janene,Coleiro,jcoleiro16@e-recht24.de,Female,Indonesia,16/12/1916,$329249.14
44,Constanta,Alwell,,Female,China,30/11/1942,$46926.69
45,Earl,Concklin,econcklin18@xing.com,Male,Malaysia,29/06/1926,$1195685.58
46,Rufe,Boeck,rboeck19@cpanel.net,Male,China,17/11/2004,$689070.03
47,Patrick,Falkner,pfalkner1a@printfriendly.com,Male,Sweden,03/06/1973,$378661.64
48,Carline,Sephton,csephton1b@kickstarter.com,Female,Morocco,08/04/1956,$574443.84
49,Karoly,Antrum,kantrum1c@friendfeed.com,Male,China,19/06/1942,$983435.38
50,Candice,Perot,,Female,Indonesia,20/11/1912,$444282.07
51,Karee,Ainsby,,Female,Czech Republic,25/03/1926,$359320.70
52,Aviva,Mockes,amockes1f@telegraph.co.uk,Female,Russia,11/06/1954,$216865.90
53,Ana,Bendall,,Female,China,13/03/1974,$698911.53
54,Freida,Simoni,,Female,Myanmar,27/09/1922,$825161.59
55,Cesar,Beevor,cbeevor1i@dion.ne.jp,Male,China,26/08/1959,$465036.76
56,Charlean,Smouten,csmouten1j@kickstarter.com,Female,China,09/03/1970,$859766.90
57,Win,Makey,,Male,Philippines,27/12/1930,$415276.70
58,Gardiner,Onion,gonion1l@blogspot.com,Male,Indonesia,12/03/1930,$701285.66
59,Fanechka,Siddons,fsiddons1m@imageshack.us,Female,China,27/09/1905,$970839.53
60,Leeann,Christer,lchrister1n@cbslocal.com,Female,France,19/03/1981,$937777.01
61,Filippa,Mc Combe,fmccombe1o@jimdo.com,Female,Russia,05/10/1915,$778898.75
62,Mohandis,Pargetter,mpargetter1p@xinhuanet.com,Male,Croatia,16/01/1950,$524927.82
63,Edsel,MacIntyre,emacintyre1q@icq.com,Male,Philippines,01/04/1983,$530259.86
64,Shannen,Litel,,Female,Israel,07/03/1964,$896234.14
65,Kellen,Hegges,khegges1s@foxnews.com,Male,Portugal,29/01/1999,$28067.75
66,Cinderella,Mirams,cmirams1t@reuters.com,Female,Poland,23/04/1912,$337964.62
67,Barbaraanne,Gabites,,Female,Palestinian Territory,26/03/1928,$28553.32
68,Mary,Duffy,mduffy1v@salon.com,Female,China,21/01/1943,$1001253.16
69,Trip,Crimpe,tcrimpe1w@biglobe.ne.jp,Male,Pakistan,05/03/1969,$360461.14
70,Sophi,Critchley,,Female,Russia,15/01/1912,$49706.87
71,Anetta,Farriar,afarriar1y@oaic.gov.au,Female,United States,27/06/1982,$1055843.22
72,Augusto,Vsanelli,avsanelli1z@hud.gov,Male,Sweden,11/03/1968,$435533.24
73,Curry,Paladino,cpaladino20@alexa.com,Male,Malta,24/01/1939,$1076169.84
74,Hoebart,D'Aubney,hdaubney21@mayoclinic.com,Male,Bangladesh,25/01/1948,$483113.68
75,Reinald,Aleavy,raleavy22@pbs.org,Male,Mali,15/02/1977,$796466.76
76,Benedikt,Chastang,bchastang23@so-net.ne.jp,Male,Macedonia,17/03/1986,$562144.49
77,Myrle,Brody,mbrody24@wsj.com,Female,United States,21/11/1919,$1108516.74
78,Will,Epilet,wepilet25@flickr.com,Male,France,29/11/1968,$604370.95
79,Reeva,Farnorth,,Female,Canada,20/01/1924,$564521.23
80,Eyde,Quirke,equirke27@techcrunch.com,Female,Japan,19/09/1942,$578246.72
81,Tadeo,Wren,twren28@bbb.org,Male,Russia,14/09/1960,$88806.13
82,Rodolfo,Hiland,rhiland29@51.la,Male,France,14/06/1907,$155732.98
83,Kristoforo,Stickells,,Male,Russia,05/02/1957,$104753.90
84,Denny,Nolan,dnolan2b@amazonaws.com,Male,Ethiopia,04/12/1944,$50972.37
85,Rickie,Kenn,rkenn2c@bizjournals.com,Male,Madagascar,26/11/1979,$306154.86
86,Tobey,Roj,troj2d@rakuten.co.jp,Female,France,13/10/1918,$824731.82
87,Imogene,Elnor,,Female,Brazil,15/12/1997,$1160813.97
88,Bendicty,Lardez,blardez2f@wikispaces.com,Male,China,06/05/1957,$626148.13
89,Albie,Quadrio,aquadrio2g@nifty.com,Male,Indonesia,22/01/1948,$1109182.43
90,Dolf,Allcorn,,Male,Sweden,20/03/1936,$198621.03
91,Bonnie,Semeradova,bsemeradova2i@economist.com,Female,Greece,25/02/2001,$580063.46
92,Karlyn,Neiland,kneiland2j@t-online.de,Female,Armenia,22/03/1908,$308905.89
93,Onfre,New,onew2k@tumblr.com,Male,China,21/04/1971,$1056076.48
94,Malynda,Jent,mjent2l@webnode.com,Female,Serbia,27/06/1999,$1086656.54
95,Violetta,Worrell,vworrell2m@liveinternet.ru,Female,Iran,29/03/1965,$838643.75
96,Simona,Rohlf,srohlf2n@ameblo.jp,Female,Indonesia,27/10/1927,$563320.91
97,Brigg,Orro,borro2o@soup.io,Male,Iran,20/03/1951,$261176.87
98,Emery,Rubinov,,Male,China,18/06/1919,$649530.47
99,Ole,Calley,ocalley2q@dailymail.co.uk,Male,Indonesia,15/06/1910,$705359.90
100,Fredelia,Chill,fchill2r@clickbank.net,Female,Laos,21/03/1969,$347880.03
101,Dave,Ybarra,dybarra2s@toplist.cz,Male,Russia,23/09/1953,$801711.87
102,Sollie,Levet,slevet2t@usatoday.com,Male,Uzbekistan,09/04/1941,$1085083.97
103,Sigvard,Kolinsky,skolinsky2u@toplist.cz,Male,United States,28/01/1998,$1112176.45
104,Jodi,Le Claire,,Female,Central African Republic,24/01/1996,$71914.96
105,Trudey,Hehir,thehir2w@1688.com,Female,Indonesia,07/12/1932,$1142320.81
106,Borg,Warfield,bwarfield2x@sina.com.cn,Male,Finland,30/09/1934,$110158.40
107,Lesly,Robertelli,lrobertelli2y@hhs.gov,Female,Democratic Republic of the Congo,03/03/2008,$524040.84
108,Stevana,Eddicott,seddicott2z@paypal.com,Female,China,27/10/1997,$306557.92
109,Ekaterina,De Cruz,edecruz30@spiegel.de,Female,Morocco,01/01/2002,$880813.60
110,Odo,McKevin,omckevin31@disqus.com,Male,Germany,12/04/1940,$314527.84
111,Arvy,Girardi,agirardi32@yale.edu,Male,Thailand,15/06/1910,$343876.48
112,Jordan,Greensall,jgreensall33@aol.com,Male,Indonesia,06/07/1912,$372180.34
113,Lorens,Ide,lide34@google.it,Male,Hungary,08/08/2008,$404348.23
114,Giana,Oxherd,goxherd35@hao123.com,Female,Venezuela,13/12/1910,$463915.38
115,Aurlie,Gisbye,agisbye36@google.com.au,Female,France,25/02/1948,$66937.58
116,Cordi,Crauford,,Female,Philippines,09/07/1904,$1194630.33
117,Gabbey,Ege,gege38@shinystat.com,Female,Mexico,26/11/1965,$953108.02
118,Reyna,Clitsome,rclitsome39@domainmarket.com,Female,Indonesia,30/11/1965,$593696.53
119,Vicki,Kempshall,vkempshall3a@vistaprint.com,Female,Poland,15/10/1989,$395913.14
120,Salaidh,Creswell,screswell3b@msu.edu,Female,South Korea,09/07/1932,$683502.06
121,Cami,Tracy,ctracy3c@moonfruit.com,Female,China,03/02/1973,$325030.23
122,Nev,Rose,nrose3d@cmu.edu,Male,France,29/02/1916,$1023962.24
123,Brandise,McQuirk,bmcquirk3e@webs.com,Female,Poland,16/09/1931,$202389.04
124,Louie,Cockton,,Male,Philippines,06/05/1947,$863931.80
125,Gerick,Scrowton,,Male,Indonesia,24/07/1979,$319961.54
126,Elene,Slimon,eslimon3h@ocn.ne.jp,Female,United States,08/12/1984,$866642.75
127,Greg,Eisak,,Male,Palestinian Territory,23/12/1989,$1112523.74
128,Ettie,Losemann,elosemann3j@guardian.co.uk,Female,Comoros,11/03/1999,$588873.32
129,Irvine,Riccetti,iriccetti3k@bbc.co.uk,Male,China,26/10/1951,$876078.50
130,Marieann,Athow,mathow3l@chronoengine.com,Female,Bosnia and Herzegovina,01/01/1905,$961808.85
131,Nestor,Robbs,,Male,Brazil,19/04/1930,$200771.09
132,Pearle,Male,,Female,China,27/07/1937,$132360.45
133,Damon,Hammerstone,,Male,Sweden,21/11/1991,$362174.05
134,Herculie,Waiting,,Male,Indonesia,13/05/1923,$396923.28
135,Hans,Imlaw,himlaw3q@unblog.fr,Male,Philippines,15/09/1995,$718096.29
136,Hilary,O'Looney,holooney3r@1und1.de,Female,Egypt,03/06/1915,$308730.97
137,Bertina,Tattersill,btattersill3s@xrea.com,Female,Russia,04/12/1968,$627640.01
138,Constantino,Deller,,Male,Poland,25/05/1972,$25903.75
139,Anne,Gatchell,agatchell3u@globo.com,Female,Maldives,23/10/1967,$1050324.38
140,Lea,Tetsall,ltetsall3v@nhs.uk,Female,China,13/05/1951,$702102.89
141,Wilhelmina,Hartlebury,whartlebury3w@newsvine.com,Female,China,25/01/2003,$754447.09
142,Tally,Ratke,tratke3x@europa.eu,Female,Sweden,22/07/1947,$341486.14
143,Wilfrid,Warcop,wwarcop3y@columbia.edu,Male,Indonesia,20/11/1999,$387553.49
144,Doreen,Klimkin,,Female,Brazil,26/02/1909,$118035.92
145,Kaine,Blaver,kblaver40@paginegialle.it,Male,Russia,02/06/1955,$1169526.47
146,Roselia,Pynner,rpynner41@tuttocitta.it,Female,Sweden,11/06/2005,$400667.85
147,Jammal,Weeds,jweeds42@state.tx.us,Male,Philippines,05/06/1905,$95744.66
148,Binnie,Kitchingham,,Female,Indonesia,22/05/1991,$617176.20
149,Naoma,Withrop,nwithrop44@360.cn,Female,Philippines,23/08/1950,$1040131.36
150,Nap,Hubbucks,,Male,Norway,18/08/1968,$943480.83
151,Elset,Giannazzi,,Female,Norway,22/04/2005,$353721.00
152,Dee dee,Tilbury,dtilbury47@hexun.com,Female,China,09/11/1966,$908142.81
153,Glenn,Greste,ggreste48@t.co,Female,Vietnam,08/07/1965,$293506.35
154,Celinda,Formie,cformie49@hostgator.com,Female,Belarus,16/08/1978,$319018.84
155,Mervin,Metzke,,Male,Czech Republic,18/06/1908,$1001408.07
156,Virgie,Barnson,vbarnson4b@ehow.com,Female,Azerbaijan,29/12/1920,$851739.12
157,Clemmie,Oboy,,Female,China,01/11/1930,$1054796.74
158,Ned,Corp,ncorp4d@histats.com,Male,Czech Republic,02/09/1923,$171814.79
159,Gwendolin,Kneaphsey,,Female,Kazakhstan,02/11/1994,$679718.84
160,Corby,Royste,croyste4f@stanford.edu,Male,Honduras,25/12/1908,$827896.53
161,Christoper,Peevor,,Male,Iraq,19/01/1923,$390115.29
162,Vin,McEvilly,vmcevilly4h@rakuten.co.jp,Female,China,31/12/1937,$999426.30
163,Tommy,McCurtin,tmccurtin4i@prlog.org,Male,Colombia,08/08/1924,$1183308.73
164,Berk,Nunan,,Male,Sweden,13/05/1964,$1091377.60
165,Clotilda,Hayen,chayen4k@icq.com,Female,Norway,14/06/1976,$1116359.56
166,Danika,Ferandez,,Female,Indonesia,24/10/1950,$522235.08
167,Carlie,Hundall,,Male,Philippines,22/04/1950,$561848.19
168,Alair,Ginner,aginner4n@sciencedirect.com,Male,Brazil,03/03/1942,$1096524.05
169,Bryon,Message,bmessage4o@soup.io,Male,Ivory Coast,14/12/1933,$899727.95
170,Freemon,Vasyatkin,fvasyatkin4p@cloudflare.com,Male,Brazil,17/05/1942,$1090252.43
171,Jorry,Bambrugh,jbambrugh4q@digg.com,Female,Japan,29/03/1964,$505960.30
172,Lukas,Buckam,lbuckam4r@marketwatch.com,Male,Philippines,23/08/1984,$271037.41
173,Kurt,McKinnell,,Male,Brazil,06/01/2009,$797923.89
174,Kellia,Seatter,kseatter4t@sourceforge.net,Female,Canada,19/01/1996,$125424.64
175,Mitchael,Yerby,myerby4u@java.com,Male,Russia,22/01/1977,$285746.59
176,Murdoch,Butts,,Male,Indonesia,21/01/1974,$191539.97
177,Wittie,Clowley,wclowley4w@hatena.ne.jp,Male,Georgia,24/08/1961,$110530.78
178,Dody,Borne,dborne4x@google.com,Female,China,24/01/1958,$378249.20
179,Lydie,McGarvey,lmcgarvey4y@sohu.com,Female,Russia,17/01/1974,$1050545.31
180,Alta,Dowson,adowson4z@dailymail.co.uk,Female,France,04/09/1956,$1101977.10
181,Lexy,Pattisson,lpattisson50@abc.net.au,Female,Brazil,15/08/1996,$1033401.80
182,Thibaud,Abells,tabells51@economist.com,Male,Argentina,15/11/1906,$950004.76
183,Rosabel,Legon,,Female,China,17/02/1915,$427878.54
184,Burl,Smalecombe,bsmalecombe53@google.co.jp,Male,Indonesia,16/08/2005,$163974.06
185,Ernest,Van den Velden,evandenvelden54@si.edu,Male,Kenya,06/09/1998,$368272.28
186,Paton,Milesap,pmilesap55@spiegel.de,Male,Indonesia,29/03/1906,$564325.11
187,Lory,Lefridge,llefridge56@netlog.com,Female,Bosnia and Herzegovina,29/11/1911,$804424.95
188,Kirbie,Scohier,kscohier57@businessinsider.com,Female,China,22/01/1936,$324799.31
189,Waiter,Klewi,wklewi58@devhub.com,Male,Russia,07/11/2004,$534451.80
190,Deane,Sexstone,,Female,China,27/10/1960,$213481.74
191,Marys,Marie,mmarie5a@cbc.ca,Female,China,06/09/1917,$645541.87
192,Ellary,Johanssen,,Male,Somalia,12/09/1922,$524584.77
193,Elle,Proudlock,eproudlock5c@cyberchimps.com,Female,Madagascar,06/12/1941,$811831.00
194,Selina,Caistor,scaistor5d@mapquest.com,Female,Kosovo,30/03/1965,$102074.74
195,Lita,Worswick,,Female,Russia,21/01/1925,$603444.48
196,Shela,Keele,skeele5f@bloomberg.com,Female,Poland,01/10/1956,$743276.18
197,Shadow,Sollitt,ssollitt5g@dyndns.org,Male,China,29/07/1951,$946769.14
198,Falkner,Grigor,fgrigor5h@issuu.com,Male,Russia,25/01/1983,$340480.22
199,Travus,Hempshall,thempshall5i@earthlink.net,Male,France,15/03/1971,$791673.35
200,Cassandry,Spanton,cspanton5j@chron.com,Female,Philippines,03/10/1966,$419956.07
201,Elvis,Duchart,educhart5k@google.com,Male,Indonesia,01/09/1950,$873219.70
202,Merna,Kinleyside,mkinleyside5l@goo.ne.jp,Female,Argentina,23/08/1927,$488780.14
203,Vivian,Blazic,,Female,Lithuania,27/01/1970,$728063.99
204,Otha,Houldcroft,ohouldcroft5n@bloglines.com,Female,China,22/09/1910,$986050.47
205,Catlaina,Dunstone,,Female,Sweden,19/12/1990,$545785.23
206,Boniface,Tredger,,Male,Indonesia,25/11/1978,$545301.55
207,Frances,Regus,,Female,Puerto Rico,07/10/1989,$101237.62
208,Devan,Skrine,dskrine5r@yolasite.com,Female,Botswana,10/05/1979,$1101493.34
209,Patrick,Calrow,pcalrow5s@list-manage.com,Male,France,23/07/1993,$455553.10
210,Kacie,Jeanet,kjeanet5t@google.ca,Female,China,02/05/2003,$575043.05
211,Stormy,Durn,sdurn5u@nyu.edu,Female,China,30/06/1970,$384306.95
212,Maxine,Heaselgrave,,Female,Uganda,21/07/1947,$685820.33
213,Port,MacCard,pmaccard5w@howstuffworks.com,Male,China,08/10/2003,$1108416.34
214,Keith,Fowley,kfowley5x@clickbank.net,Male,Russia,30/06/1911,$298875.27
215,Marcelia,Wadman,mwadman5y@examiner.com,Female,Brazil,19/06/1973,$745270.24
216,Shaun,Portingale,sportingale5z@squarespace.com,Male,China,28/06/1939,$803013.21
217,Glen,Edgeworth,,Male,Colombia,30/10/1929,$1008260.35
218,Hatty,Gallear,hgallear61@wix.com,Female,Cambodia,04/03/2002,$43617.64
219,Mikel,Fidelus,mfidelus62@lulu.com,Male,New Zealand,21/03/1976,$965380.63
220,Bree,Fidelli,bfidelli63@ibm.com,Female,Sweden,07/09/1910,$521602.69
221,Annalise,Boshier,aboshier64@mac.com,Female,China,01/03/1914,$502481.53
222,Brande,Lowres,,Female,Indonesia,30/07/2008,$873064.23
223,Lazar,Shillaker,,Male,France,31/01/1948,$799864.64
224,Beverlee,Raylton,,Female,Kazakhstan,07/07/1957,$847445.63
225,Agata,Boas,,Female,Russia,15/12/1960,$695638.52
226,Cointon,Davidi,cdavidi69@deliciousdays.com,Male,Colombia,02/02/1981,$380851.81
227,Baily,Klaaassen,,Male,Russia,10/04/1991,$365331.43
228,Revkah,Maylam,rmaylam6b@unesco.org,Female,China,04/05/1969,$987633.75
229,Shandy,Donaghie,sdonaghie6c@cargocollective.com,Female,Thailand,31/07/1905,$309016.44
230,Lukas,Eccleshare,leccleshare6d@1688.com,Male,Brazil,30/11/1978,$724475.30
231,Corenda,Flieg,cflieg6e@springer.com,Female,China,20/10/1926,$541964.55
232,Korry,Timblett,ktimblett6f@studiopress.com,Female,Somalia,03/04/1911,$152843.27
233,Sashenka,Dolton,,Female,Brazil,09/02/2006,$87625.63
234,Parke,Yokley,,Male,China,25/03/1952,$1113288.36
235,Erasmus,Mateiko,emateiko6i@hao123.com,Male,Indonesia,05/02/1960,$691144.09
236,Venus,Tupling,vtupling6j@digg.com,Female,China,05/12/2001,$835530.88
237,Annmarie,Orlton,,Female,Philippines,03/07/1911,$869259.67
238,Esther,Zellner,,Female,Myanmar,13/10/1986,$20996.22
239,Angus,Whalebelly,awhalebelly6m@cdc.gov,Male,Indonesia,21/12/1924,$1017639.93
240,Claybourne,Timby,ctimby6n@ucoz.com,Male,Cambodia,02/02/1981,$1156697.58
241,Dani,O'Griffin,dogriffin6o@reference.com,Female,Chad,07/03/1914,$620280.18
242,Alexi,Stead,astead6p@imdb.com,Female,Russia,20/02/1952,$601293.11
243,Berthe,Heynel,bheynel6q@ucsd.edu,Female,Indonesia,29/04/1914,$723791.72
244,Shell,Waterland,swaterland6r@miibeian.gov.cn,Male,Sweden,16/01/1954,$786770.22
245,Thomasina,Torresi,ttorresi6s@walmart.com,Female,France,13/08/1914,$578498.21
246,Dori,Sodor,,Female,Czech Republic,19/07/1942,$133995.03
247,Liane,Pagen,,Female,Russia,19/01/2003,$1173367.45
248,Brian,Timmes,,Male,Indonesia,13/08/1927,$194589.77
249,Brit,Stucke,,Female,Iran,25/01/1973,$599112.23
250,Farra,Gregersen,fgregersen6x@blogtalkradio.com,Female,Guatemala,02/12/2003,$683043.96
251,Adlai,Tingley,,Male,Brazil,08/12/1905,$558052.60
252,Brandice,Biddy,bbiddy6z@auda.org.au,Female,Portugal,24/06/1907,$1117615.88
253,Kevina,Mellhuish,,Female,Armenia,12/02/1935,$228742.98
254,Abigael,Burn,,Female,Mauritania,23/03/1988,$566878.31
255,Griffith,McGraith,gmcgraith72@altervista.org,Male,China,10/10/1931,$1164440.57
256,Diena,Yerrell,dyerrell73@addthis.com,Female,Malaysia,09/09/2009,$21499.32
257,Madlen,Woollam,mwoollam74@timesonline.co.uk,Female,Portugal,24/10/1934,$1113557.41
258,Meredeth,Wileman,mwileman75@typepad.com,Male,Palestinian Territory,30/08/1927,$241630.63
259,Nanci,Wooldridge,,Female,Sweden,10/02/1958,$687651.97
260,Robinette,Haresnape,rharesnape77@house.gov,Female,France,16/06/2008,$960578.84
261,Jerrold,Earles,jearles78@google.de,Male,China,21/08/1973,$711592.00
262,Etty,Aylen,eaylen79@mediafire.com,Female,Sweden,16/03/1921,$948547.73
263,Juditha,Hast,jhast7a@miitbeian.gov.cn,Female,China,05/09/1990,$249543.86
264,Priscilla,Mamwell,pmamwell7b@mediafire.com,Female,Colombia,14/12/1913,$497134.44
265,Heinrick,Woodrough,hwoodrough7c@google.it,Male,Philippines,20/05/1949,$952474.18
266,Marylou,Archambault,marchambault7d@sun.com,Female,Colombia,03/10/1991,$169624.98
267,Anselma,Sparsholt,asparsholt7e@github.io,Female,Russia,17/12/1911,$312211.33
268,Gabriel,McAnellye,gmcanellye7f@shutterfly.com,Male,China,05/04/1989,$409998.08
269,Chelsey,Babin,cbabin7g@mapy.cz,Female,Jordan,16/09/1930,$329274.54
270,Hannah,Adamiec,hadamiec7h@dion.ne.jp,Female,Russia,19/12/1982,$761228.39
271,Garold,Mobius,,Male,Kenya,02/09/1923,$1130529.56
272,Harald,Locard,hlocard7j@patch.com,Male,Mexico,01/02/1938,$246904.21
273,Wildon,Hanner,,Male,Nigeria,13/08/2003,$107699.90
274,Kathlin,Strachan,,Female,China,09/01/1971,$360049.02
275,Inigo,Giannazzo,,Male,Portugal,08/01/1959,$663213.32
276,Mireielle,Dietsche,mdietsche7n@howstuffworks.com,Female,Portugal,30/10/1908,$149535.40
277,Ellery,Gradly,,Male,Luxembourg,28/07/1959,$1198737.68
278,Pierson,Bevens,pbevens7p@imgur.com,Male,Indonesia,04/07/1959,$986402.99
279,Benyamin,Hedderly,bhedderly7q@ucoz.ru,Male,Ukraine,22/08/2006,$797813.64
280,Meghann,Geddis,,Female,Indonesia,13/09/1943,$287627.81
281,Courtenay,Balderson,,Female,North Korea,16/09/1985,$939579.85
282,Lock,Hirjak,,Male,Czech Republic,25/08/1995,$905258.64
283,Carlen,Tame,ctame7u@t-online.de,Female,Poland,14/10/1998,$962691.63
284,Sherwynd,Brevitt,sbrevitt7v@dyndns.org,Male,Chad,20/01/1936,$863398.73
285,Jo ann,Bernaldez,,Female,Argentina,23/09/1994,$983456.12
286,Cherianne,Rudman,,Female,Argentina,24/06/1949,$913420.90
287,Ardisj,Littledike,alittledike7y@cisco.com,Female,Philippines,21/01/1909,$1165972.19
288,Ingrim,Gresham,igresham7z@dailymotion.com,Male,France,09/08/2005,$582244.55
289,Estel,Samwaye,,Female,Malaysia,03/09/1973,$1171600.61
290,Eimile,Yitzovitz,eyitzovitz81@slate.com,Female,Myanmar,19/06/1926,$763218.54
291,Mason,Zebedee,mzebedee82@livejournal.com,Male,France,26/12/1997,$242085.55
292,Anestassia,Plummer,,Female,Azerbaijan,20/08/1918,$1179570.66
293,Lorenzo,Arpe,larpe84@vimeo.com,Male,Sierra Leone,17/11/1982,$312557.96
294,Arabelle,McBrier,,Female,China,16/07/1937,$992102.16
295,Cesaro,Schnitter,cschnitter86@house.gov,Male,Armenia,30/06/1981,$769789.66
296,Slade,Ohms,sohms87@timesonline.co.uk,Male,Guatemala,26/07/1982,$508235.58
297,Ettore,Muirden,emuirden88@bravesites.com,Male,Philippines,29/11/1952,$480730.19
298,Kariotta,Gherardesci,kgherardesci89@adobe.com,Female,Sweden,07/11/1968,$615961.51
299,Yardley,Rosengarten,,Male,Finland,04/12/1960,$1102616.90
300,Amby,Mixter,amixter8b@businessinsider.com,Male,Portugal,30/05/1971,$1136102.38
301,Barth,McTavish,bmctavish8c@timesonline.co.uk,Male,Philippines,04/12/1991,$963613.57
302,Lorilyn,Bothbie,lbothbie8d@reference.com,Female,Indonesia,21/03/1972,$754103.12
303,Meier,Taffurelli,mtaffurelli8e@cdbaby.com,Male,Indonesia,13/03/1913,$103687.59
304,Abel,Elsby,,Male,Philippines,26/04/1925,$154069.06
305,Ed,Town,,Male,Micronesia,19/05/1904,$745819.62
306,Ammamaria,Choldcroft,acholdcroft8h@narod.ru,Female,Philippines,02/11/1912,$858896.70
307,Grant,Joire,gjoire8i@freewebs.com,Male,Portugal,19/01/1994,$803210.24
308,Sarah,Poser,,Female,Greece,19/05/1962,$555134.49
309,Iormina,Prall,iprall8k@unblog.fr,Female,Botswana,18/11/2007,$556819.33
310,Lonee,Nise,lnise8l@goodreads.com,Female,Sweden,23/09/1906,$502657.27
311,Faunie,Cast,fcast8m@baidu.com,Female,Tunisia,24/04/1984,$427582.91
312,Inna,Hazelby,ihazelby8n@columbia.edu,Female,Portugal,28/09/1961,$210009.13
313,Matty,Batalini,mbatalini8o@yahoo.co.jp,Female,Uganda,04/03/1971,$12173.99
314,Lynett,Yandell,lyandell8p@utexas.edu,Female,Mexico,20/10/1965,$1029534.31
315,Sheila,Rumens,srumens8q@parallels.com,Female,Philippines,12/06/1974,$63656.78
316,Vinnie,Fairlem,vfairlem8r@hostgator.com,Male,Portugal,22/08/1934,$927200.40
317,Friedrich,Delwater,fdelwater8s@google.fr,Male,Cuba,16/02/1919,$70162.38
318,Lorain,Cristofaro,lcristofaro8t@howstuffworks.com,Female,Cyprus,02/02/2008,$277265.33
319,Hillel,Climar,hclimar8u@gmpg.org,Male,Argentina,21/09/2000,$758230.40
320,Humfrid,Iamittii,hiamittii8v@bigcartel.com,Male,Philippines,16/07/1943,$65344.84
321,Travis,Callander,,Male,Ukraine,18/09/1959,$608008.64
322,Odelia,Andric,oandric8x@sciencedirect.com,Female,France,26/08/1906,$767411.61
323,Lenard,Jubb,ljubb8y@washingtonpost.com,Male,Indonesia,18/04/1980,$35201.35
324,Guss,Innis,,Male,Ukraine,26/03/1980,$1146309.53
325,Fidela,Arrigo,farrigo90@cafepress.com,Female,Indonesia,04/05/1953,$904314.71
326,Flor,Bethune,fbethune91@google.com.au,Female,China,09/10/1967,$592864.07
327,Dode,Bluck,dbluck92@disqus.com,Female,Argentina,07/12/1968,$1111667.87
328,Jaquelyn,Silber,jsilber93@google.es,Female,Poland,30/09/1944,$852314.79
329,Darcy,Stinson,dstinson94@ihg.com,Male,Brazil,14/12/1965,$441820.16
330,Carol-jean,Madgin,cmadgin95@uiuc.edu,Female,China,23/01/1991,$316589.40
331,Barbara,Kilbourn,bkilbourn96@upenn.edu,Female,China,12/06/1998,$742806.18
332,Rivi,Attfield,rattfield97@wp.com,Female,Thailand,28/08/2000,$181252.49
333,Clarey,Snashall,,Female,Czech Republic,30/01/1987,$840796.41
334,Merrick,Rosi,mrosi99@google.com.au,Male,Indonesia,16/06/1910,$687304.02
335,Roarke,Kindle,,Male,Portugal,05/02/1915,$261672.66
336,Hamlin,McSpirron,,Male,Japan,24/09/1932,$281011.98
337,Susannah,Files,sfiles9c@bloomberg.com,Female,Brazil,31/05/1998,$1020579.86
338,Keane,Lodovichi,,Male,China,28/02/1985,$1135951.77
339,Myrna,Pulster,mpulster9e@wikia.com,Female,Brazil,28/07/1986,$1103083.00
340,Stanislaw,Bothbie,sbothbie9f@google.co.jp,Male,Indonesia,23/08/2007,$526736.12
341,Arther,Levey,,Male,Gambia,11/07/1924,$192107.38
342,Bing,Pierucci,bpierucci9h@cargocollective.com,Male,Russia,17/07/1904,$372739.13
343,Pete,Coffee,pcoffee9i@yandex.ru,Male,United States,31/03/1909,$115325.26
344,Genny,Storrah,gstorrah9j@blog.com,Female,China,16/11/1925,$72761.28
345,Lane,Friberg,lfriberg9k@yandex.ru,Female,Thailand,22/07/1928,$888057.98
346,Barbi,Leethem,,Female,Czech Republic,28/11/1963,$1100286.35
347,Avril,Swindells,aswindells9m@indiatimes.com,Female,Mongolia,11/10/2007,$859641.24
348,Sallyann,Hedlestone,,Female,Guatemala,17/08/1956,$203718.35
349,Elly,Fieldhouse,,Female,Bulgaria,26/01/1965,$176387.35
350,Danika,Gilliard,dgilliard9p@theglobeandmail.com,Female,Argentina,07/12/1959,$1188707.30
351,Killian,Jelley,,Male,Indonesia,05/10/1956,$312053.62
352,Cary,Ettritch,,Male,South Africa,04/10/1964,$999805.38
353,Cymbre,Alexsandrowicz,calexsandrowicz9s@jugem.jp,Female,Indonesia,07/04/1919,$1063641.87
354,Gunar,Sheran,,Male,Palestinian Territory,28/02/2002,$451632.25
355,Norrie,Kupis,,Male,China,25/09/1972,$1058762.03
356,Chester,Hayton,chayton9v@disqus.com,Male,Ethiopia,04/08/1952,$1072172.76
357,Ruddie,Schoenleiter,rschoenleiter9w@hp.com,Male,Russia,23/07/1912,$706063.76
358,Michaela,Portlock,mportlock9x@printfriendly.com,Female,Argentina,04/03/1965,$1114983.66
359,Krystyna,Kitching,kkitching9y@last.fm,Female,Colombia,06/02/1918,$257444.89
360,Shelden,Tottie,,Male,Nigeria,27/11/1998,$1194006.08
361,Phedra,McKinty,,Female,China,15/09/1957,$1183098.41
362,Orion,Srutton,osruttona1@about.me,Male,Russia,16/06/1961,$1133140.98
363,Lannie,Tilliards,ltilliardsa2@nymag.com,Male,Honduras,18/06/1955,$321468.98
364,Parsifal,Clapham,pclaphama3@hubpages.com,Male,Uganda,08/12/1967,$797025.23
365,Dorolice,Blunsen,dblunsena4@samsung.com,Female,China,22/07/2005,$1093359.62
366,Valaria,Ings,,Female,Russia,06/10/1933,$129695.91
367,Otto,Bengoechea,,Male,Indonesia,14/03/1928,$982105.80
368,Fenelia,Rumbelow,,Female,Indonesia,20/09/1945,$589819.48
369,Rosina,Lanfare,rlanfarea8@goodreads.com,Female,Thailand,30/03/1940,$294734.03
370,Bevan,Anders,bandersa9@bloglines.com,Male,China,22/07/1918,$1063150.75
371,Lindsay,Dyos,,Male,Sweden,24/02/2002,$740832.75
372,Laurianne,Shipp,,Female,Indonesia,11/05/1989,$644560.57
373,Andrea,Biggar,abiggarac@gizmodo.com,Male,Latvia,12/10/1945,$88689.71
374,Kori,Pullin,,Female,Palestinian Territory,07/10/1965,$148396.79
375,Tim,Mattek,tmattekae@deviantart.com,Male,Brazil,15/02/1934,$382542.29
376,Arnoldo,Abbots,,Male,China,27/09/1937,$1158916.02
377,Bartholomew,Mulholland,bmulhollandag@walmart.com,Male,China,17/02/1998,$561726.46
378,Abagael,Rivenzon,arivenzonah@home.pl,Female,China,02/11/1907,$462010.14
379,Elisha,Androlli,eandrolliai@goo.ne.jp,Female,Mexico,01/03/1988,$30156.63
380,Harlin,Enstone,henstoneaj@cmu.edu,Male,Indonesia,22/04/1960,$476079.16
381,Florentia,Mumford,fmumfordak@tumblr.com,Female,Paraguay,05/10/1993,$533098.37
382,Antonio,Ledes,aledesal@blogger.com,Male,Indonesia,19/04/1910,$302488.78
383,Michale,Moland,mmolandam@taobao.com,Male,Kenya,03/04/1997,$955697.14
384,Olivie,Vispo,,Female,China,10/04/1925,$580454.26
385,Enoch,Lube,elubeao@de.vu,Male,Portugal,19/09/2002,$292236.50
386,Joana,McCue,jmccueap@businesswire.com,Female,Dominican Republic,03/08/1948,$1158550.46
387,Annadiana,Ranald,,Female,China,20/01/1946,$88553.29
388,Normy,Round,nroundar@reference.com,Male,Belarus,19/04/1907,$981425.90
389,Gene,Timmermann,gtimmermannas@spiegel.de,Male,Nigeria,12/10/1931,$1188254.36
390,Greer,Swadlinge,gswadlingeat@merriam-webster.com,Female,Philippines,15/12/1977,$1043301.11
391,Eran,Neising,eneisingau@ebay.com,Female,Yemen,22/03/1931,$17693.05
392,Faber,Murrey,,Male,United States,25/05/1936,$472382.62
393,Thurston,Rehn,,Male,Somalia,07/05/1951,$642983.56
394,Standford,Jaeggi,sjaeggiax@elegantthemes.com,Male,China,17/04/1971,$1021946.55
395,Bennett,Riseam,briseamay@dion.ne.jp,Male,France,02/10/1910,$828108.71
396,Germayne,Southerell,gsoutherellaz@nature.com,Male,Guatemala,11/01/1929,$781369.35
397,Dinah,Matuszewski,dmatuszewskib0@woothemes.com,Female,Russia,05/02/1923,$623357.35
398,Maribeth,Garford,mgarfordb1@de.vu,Female,Indonesia,22/02/1943,$732395.09
399,Mariellen,Thomke,mthomkeb2@spotify.com,Female,Czech Republic,08/01/1946,$783972.90
400,Pippo,Collie,pcollieb3@shareasale.com,Male,Brazil,22/08/1932,$137583.64
401,Queenie,Liddon,,Female,Japan,11/10/1991,$297392.80
402,Tod,Bortoli,,Male,Ukraine,10/08/1967,$483220.82
403,Erroll,Skelding,eskeldingb6@admin.ch,Male,Finland,05/04/1982,$913417.02
404,Ilka,Voelker,ivoelkerb7@pen.io,Female,Togo,10/10/1987,$191468.05
405,Austin,Tucsell,atucsellb8@upenn.edu,Male,Philippines,13/04/1976,$672571.00
406,Consalve,Kinzel,ckinzelb9@barnesandnoble.com,Male,Portugal,25/05/1933,$420127.33
407,Lynn,Bragg,lbraggba@themeforest.net,Male,Sweden,24/06/1993,$911217.24
408,Valerye,Juszczyk,vjuszczykbb@utexas.edu,Female,Argentina,11/09/1943,$317652.15
409,Juan,Scardafield,,Male,Norway,31/08/1989,$256372.18
410,Cirillo,Livingstone,clivingstonebd@about.me,Male,Poland,06/10/1946,$906210.46
411,Selia,Sydes,ssydesbe@walmart.com,Female,Russia,15/06/1949,$1037834.57
412,Sylvan,Pashler,spashlerbf@godaddy.com,Male,Peru,28/01/2006,$218835.03
413,Robby,Curado,rcuradobg@biblegateway.com,Male,Bulgaria,29/03/2001,$162575.98
414,Merrel,Bielfelt,mbielfeltbh@free.fr,Male,China,23/10/2000,$769589.20
415,Fae,Keavy,,Female,United States,23/02/1993,$429885.63
416,Tiertza,Jiggins,tjigginsbj@topsy.com,Female,Latvia,20/12/2009,$622429.90
417,Laural,McPike,lmcpikebk@so-net.ne.jp,Female,Ukraine,01/05/1906,$176520.75
418,Nikoletta,Edmeads,nedmeadsbl@who.int,Female,Peru,24/10/1914,$1073054.77
419,Lutero,Leveritt,lleverittbm@noaa.gov,Male,China,01/02/1945,$611814.82
420,Beryle,Meek,bmeekbn@angelfire.com,Female,China,29/11/1959,$974242.54
421,Sofie,Creyke,screykebo@weebly.com,Female,Portugal,04/10/1992,$700275.31
422,Coriss,Hurche,churchebp@rambler.ru,Female,Curacao,14/04/1920,$888492.81
423,Tiffany,Murgatroyd,,Female,China,19/08/1948,$476790.66
424,Elsy,Rentilll,erentilllbr@cnbc.com,Female,Ukraine,21/02/1948,$1182064.97
425,Cathryn,Treadgear,ctreadgearbs@homestead.com,Female,Laos,21/06/1974,$211333.34
426,Brien,Kiddy,,Male,Czech Republic,09/08/1992,$1179157.30
427,Kelley,Bate,kbatebu@163.com,Female,China,28/04/1992,$181147.71
428,Moina,Reisen,,Female,China,02/04/1922,$1152508.44
429,Ezechiel,Garey,egareybw@apple.com,Male,Russia,16/04/1962,$1078233.00
430,Hagen,Dewis,,Male,Russia,25/01/2007,$449311.43
431,Perl,Brumbye,pbrumbyeby@yahoo.com,Female,Japan,24/05/1981,$953523.04
432,Maressa,Craighill,mcraighillbz@mlb.com,Female,United States,31/07/1974,$1062398.87
433,Calvin,Menaul,cmenaulc0@cnet.com,Male,China,02/04/1918,$740874.77
434,Jaquenetta,Kitchinghan,jkitchinghanc1@google.com.br,Female,Indonesia,10/10/1906,$446039.14
435,Owen,Jane,ojanec2@chicagotribune.com,Male,China,06/03/1992,$563121.34
436,Olenolin,MacAskill,omacaskillc3@4shared.com,Male,Cameroon,22/03/1976,$899793.34
437,Gradey,Chern,gchernc4@si.edu,Male,Philippines,31/08/1978,$390207.03
438,Ahmed,MacShirrie,amacshirriec5@apache.org,Male,China,09/05/1963,$12065.10
439,Win,Spalls,wspallsc6@geocities.jp,Male,Morocco,24/05/1927,$249524.74
440,Mureil,Rankling,,Female,Bulgaria,17/03/1905,$877155.74
441,Stern,Salway,,Male,Japan,02/02/1987,$138003.42
442,Junie,Crebo,jcreboc9@senate.gov,Female,China,03/05/2007,$961845.22
443,Holly,Gierck,hgierckca@ftc.gov,Female,Cameroon,19/06/1935,$975980.86
444,Liane,Werrett,lwerrettcb@deviantart.com,Female,China,09/08/1975,$496029.36
445,Cindi,Wimsett,,Female,China,01/11/1995,$1188883.91
446,Devlen,Rowledge,drowledgecd@china.com.cn,Male,Sweden,27/03/2004,$248701.16
447,Tommy,Bliss,tblissce@businesswire.com,Male,China,10/11/1911,$897354.12
448,Harriette,Foale,hfoalecf@furl.net,Female,Philippines,28/12/2002,$58251.30
449,Michaeline,Palmby,,Female,Greece,12/10/1931,$525401.69
450,Claudianus,Padgett,,Male,Panama,18/06/1990,$139167.77
451,Bing,Pyke,bpykeci@seesaa.net,Male,Peru,26/11/1993,$112913.86
452,Sven,Lauga,slaugacj@drupal.org,Male,China,06/08/2000,$650257.68
453,Brandyn,Diment,bdimentck@thetimes.co.uk,Male,China,28/09/1934,$328355.13
454,Patrice,Davoren,,Female,Russia,28/01/1920,$351739.02
455,Karilynn,Friday,,Female,Indonesia,01/10/1991,$1021239.62
456,Davide,Russ,,Male,Portugal,09/10/1926,$1002711.35
457,Sullivan,Blaber,sblaberco@nature.com,Male,China,15/04/1914,$914673.26
458,Thatcher,Topley,,Male,United States,17/06/1948,$293361.37
459,Conni,Thompson,,Female,Portugal,01/12/2007,$117655.28
460,Sasha,Ebertz,sebertzcr@earthlink.net,Female,Nigeria,26/11/1991,$1095931.64
461,Kirsteni,Wartonby,kwartonbycs@engadget.com,Female,Japan,28/11/1951,$353529.46
462,Talia,Aberkirdo,taberkirdoct@purevolume.com,Female,Argentina,07/03/1991,$195369.87
463,Tierney,Melbourne,tmelbournecu@oracle.com,Female,Egypt,25/11/2007,$156825.93
464,Yorker,Monk,ymonkcv@ucoz.com,Male,Mexico,23/08/1921,$749237.47
465,Nikki,Garn,ngarncw@vimeo.com,Female,France,09/09/1977,$1183675.83
466,Tripp,Waterhouse,twaterhousecx@globo.com,Male,Brazil,19/08/1932,$130086.65
467,Rubetta,Winkle,rwinklecy@wsj.com,Female,Yemen,02/01/2005,$945788.81
468,Caresa,Fehners,cfehnerscz@purevolume.com,Female,Indonesia,18/10/1970,$152698.46
469,Katrine,Fayne,,Female,Ukraine,01/08/1946,$943426.72
470,Terrie,Lilion,,Female,Sri Lanka,10/09/1975,$1184333.11
471,Perren,Ianittello,pianittellod2@ebay.co.uk,Male,Indonesia,03/03/1915,$422115.21
472,Barris,Murrock,bmurrockd3@columbia.edu,Male,Indonesia,18/07/1960,$1026970.42
473,Nehemiah,Forsdyke,,Male,Nigeria,14/03/1987,$706266.36
474,Dionisio,Gentle,dgentled5@foxnews.com,Male,Madagascar,20/06/1910,$203879.05
475,Niles,Faussett,nfaussettd6@cisco.com,Male,Russia,31/07/1978,$258057.96
476,Valina,Ferns,vfernsd7@wufoo.com,Female,Slovenia,06/11/1910,$970720.12
477,Blayne,Eveleigh,beveleighd8@icio.us,Male,China,30/11/1992,$270753.00
478,Spense,Redfield,sredfieldd9@tinypic.com,Male,France,01/06/2003,$1170027.65
479,Fanni,Pollard,fpollardda@wix.com,Female,South Korea,26/10/1917,$244270.00
480,Tori,Curee,tcureedb@guardian.co.uk,Female,Argentina,05/05/2005,$552849.18
481,Carrol,Loughran,cloughrandc@hao123.com,Male,China,23/07/1905,$521340.23
482,Bessie,Leggett,,Female,Albania,25/05/2002,$12265.71
483,Barnabe,Woodrup,,Male,China,18/05/1934,$296203.38
484,Findlay,Hubbucks,fhubbucksdf@ameblo.jp,Male,Sweden,11/09/1979,$948603.51
485,Frasquito,Ianiello,fianiellodg@usgs.gov,Male,Portugal,28/06/1983,$999760.64
486,Goldia,Tuiller,,Female,China,11/09/1908,$343939.58
487,Kayla,Cuncarr,kcuncarrdi@lycos.com,Female,China,18/08/1907,$705808.20
488,Dulcea,Laboune,,Female,Indonesia,26/05/1959,$1098347.71
489,Lesya,Robak,lrobakdk@cafepress.com,Female,Morocco,22/10/1926,$872182.12
490,Zechariah,Lannon,,Male,China,05/01/1986,$34338.38
491,Ilise,Minero,iminerodm@msu.edu,Female,Japan,30/03/1962,$586952.07
492,Sibilla,Challens,,Female,France,22/07/1995,$478772.92
493,Cami,Donet,cdonetdo@abc.net.au,Female,Sweden,31/10/1917,$444621.36
494,Megan,Purchase,mpurchasedp@businesswire.com,Female,United States,21/07/1983,$841801.73
495,Tandy,Tohill,ttohilldq@archive.org,Female,China,30/07/1938,$745289.51
496,Rachele,Braunes,rbraunesdr@twitter.com,Female,Russia,04/06/1959,$52491.63
497,Ebony,Brinkman,,Female,Brazil,08/02/2010,$163308.46
498,Sylvan,Hellcat,,Male,Indonesia,03/06/1964,$630037.00
499,Terrill,Birchenough,,Male,Peru,08/05/1912,$127659.27
500,Francisca,McKinley,fmckinleydv@delicious.com,Female,Albania,22/01/1984,$745796.49
501,Abbye,Blakebrough,,Female,Egypt,03/08/1904,$936197.97
502,Celisse,Pinckney,,Female,China,03/03/1977,$418749.82
503,Adolphe,Skin,,Male,France,11/05/2005,$844041.20
504,Felike,Giraudo,,Male,Russia,09/10/1991,$52079.61
505,Enos,Duggen,,Male,Philippines,17/06/1909,$1085192.03
506,Olly,MacKay,,Male,Paraguay,24/04/1949,$888940.72
507,Jania,Daubney,jdaubneye2@bigcartel.com,Female,Sweden,03/11/1912,$861939.28
508,Fletcher,Bartalini,fbartalinie3@cnet.com,Male,China,06/11/1942,$710797.04
509,Luce,Rothery,,Female,Thailand,01/04/1972,$669194.70
510,Keir,Burborough,,Male,Indonesia,12/04/1977,$204633.03
511,Mahalia,Linstead,mlinsteade6@jigsy.com,Female,France,09/06/1965,$807103.58
512,Nevins,Backman,nbackmane7@theatlantic.com,Male,Latvia,22/09/1920,$209123.29
513,Laurence,Sked,,Male,Portugal,26/11/1958,$919701.26
514,Carry,Lancastle,clancastlee9@cam.ac.uk,Female,Ecuador,04/01/1972,$43637.26
515,Jennette,Danniel,jdannielea@cdc.gov,Female,Russia,03/01/1973,$643628.39
516,Alvy,Gouldstraw,agouldstraweb@latimes.com,Male,Philippines,19/04/1982,$589060.00
517,Valdemar,Caramuscia,vcaramusciaec@naver.com,Male,China,24/02/2005,$816882.90
518,Francine,Zmitrichenko,fzmitrichenkoed@mit.edu,Female,Ukraine,04/11/1966,$707157.79
519,Midge,Cosh,,Female,France,26/06/1957,$608845.76
520,Marin,Ozanne,mozanneef@bloglovin.com,Female,Paraguay,02/10/1946,$647210.91
521,Evey,Villaron,,Female,Spain,12/09/1907,$651143.07
522,Marline,Pinn,mpinneh@about.me,Female,China,27/04/2002,$368015.84
523,Maxie,Sijmons,msijmonsei@squidoo.com,Male,Vietnam,04/06/1986,$31338.41
524,Latia,Garment,lgarmentej@storify.com,Female,United States,23/06/1973,$979800.97
525,Shepperd,Jahner,,Male,Thailand,07/03/1972,$528419.06
526,Lock,Ivashin,,Male,Dominican Republic,14/04/1983,$526610.87
527,Sterling,Towlson,stowlsonem@cbsnews.com,Male,Mexico,29/11/1934,$333754.18
528,Cedric,Bunkle,,Male,Czech Republic,18/02/1917,$256333.15
529,Brnaba,Corrie,bcorrieeo@gnu.org,Male,China,14/07/1918,$521796.14
530,Leigh,Dunkerly,ldunkerlyep@china.com.cn,Male,Brazil,05/08/1945,$44662.85
531,Dulcie,Westphal,dwestphaleq@youtube.com,Female,Colombia,01/10/1959,$732631.02
532,Emelia,Marc,emarcer@oakley.com,Female,Tanzania,26/08/1905,$766021.29
533,Waldemar,Ings,wingses@icio.us,Male,Greece,18/01/1978,$977583.73
534,Jonie,Beadnall,jbeadnallet@twitpic.com,Female,Iraq,13/10/1987,$460380.80
535,Jacquelyn,Farlow,jfarloweu@amazonaws.com,Female,Colombia,12/05/1916,$1112508.56
536,Louella,Roughsedge,,Female,Finland,12/10/1909,$35040.49
537,Shari,Langlands,slanglandsew@livejournal.com,Female,Poland,13/04/1968,$1038427.21
538,Gauthier,Wisedale,gwisedaleex@scribd.com,Male,Philippines,27/11/1947,$489480.68
539,Antoine,Werndley,awerndleyey@yahoo.com,Male,Netherlands,25/03/1909,$954884.55
540,Harlene,Woollhead,,Female,Argentina,22/08/1968,$1090218.98
541,Rachael,Sawer,rsawerf0@wufoo.com,Female,China,22/01/1978,$733565.14
542,Eyde,Gallandre,,Female,Jamaica,27/12/1983,$624814.84
543,Javier,Kermeen,,Male,Brazil,13/07/1925,$777345.69
544,Dexter,Minchin,,Male,China,27/11/1924,$654386.72
545,Harold,Ledgley,hledgleyf4@squarespace.com,Male,Egypt,29/08/1991,$577157.59
546,Marinna,Fieller,mfiellerf5@nydailynews.com,Female,China,17/05/1934,$336003.24
547,Sue,Showl,sshowlf6@cpanel.net,Female,Costa Rica,14/07/2007,$826454.96
548,Nappie,Lorain,nlorainf7@yellowbook.com,Male,Indonesia,07/11/1942,$252108.60
549,Wheeler,Thompstone,wthompstonef8@deviantart.com,Male,Micronesia,15/10/1954,$698585.19
550,Roda,Puddin,rpuddinf9@twitter.com,Female,Luxembourg,04/05/1904,$408009.14
551,Hymie,Syrie,hsyriefa@topsy.com,Male,Indonesia,04/04/2003,$672092.72
552,Renaldo,Pawellek,rpawellekfb@paginegialle.it,Male,China,13/06/1999,$440460.47
553,Hilly,Fackrell,hfackrellfc@theatlantic.com,Male,Jamaica,15/03/1912,$1199103.27
554,Turner,McGeoch,tmcgeochfd@dropbox.com,Male,China,04/07/1919,$499258.37
555,Saleem,Sellek,,Male,Philippines,27/04/1991,$259449.55
556,Zachery,Jeannot,zjeannotff@webnode.com,Male,China,30/11/1954,$124057.87
557,Dew,Brunning,dbrunningfg@cpanel.net,Male,Slovenia,18/02/1973,$655755.84
558,Stavro,Houldey,shouldeyfh@google.co.uk,Male,Brazil,14/10/1952,$330433.51
559,Salem,Josowitz,sjosowitzfi@t-online.de,Male,Indonesia,15/12/2004,$1108302.10
560,Ario,Surr,asurrfj@aboutads.info,Male,Indonesia,02/08/1954,$1103573.98
561,Nelle,Harteley,nharteleyfk@dailymotion.com,Female,Japan,15/02/1978,$280432.00
562,Westbrooke,Long,,Male,Honduras,17/09/2004,$135060.69
563,Kassey,Mateus,,Female,Brazil,02/03/1915,$334808.17
564,Joscelin,Overland,joverlandfn@multiply.com,Female,Afghanistan,16/03/1994,$633285.79
565,Ruby,Durbyn,rdurbynfo@slate.com,Female,China,25/07/2009,$54166.58
566,Augustine,Tanslie,,Female,Poland,04/01/1995,$48992.53
567,Nickolaus,Mulliner,,Male,Japan,22/06/1911,$28118.26
568,Archaimbaud,Berardt,,Male,Russia,20/07/1949,$1036591.48
569,Kristo,Martensen,kmartensenfs@purevolume.com,Male,Indonesia,04/08/1997,$779879.86
570,Rustie,Carlesi,,Male,Indonesia,01/02/1973,$684546.07
571,Zachery,Tabourin,ztabourinfu@hao123.com,Male,Indonesia,03/10/2005,$375287.47
572,Carson,Biggerstaff,cbiggerstafffv@skyrock.com,Male,Poland,30/03/1920,$652997.65
573,Johanna,Tanfield,jtanfieldfw@cdc.gov,Female,Philippines,28/01/1931,$406167.85
574,Pen,Coulthurst,,Male,Argentina,23/09/1950,$1027841.70
575,Darwin,Yanne,,Male,Poland,09/07/1984,$278483.21
576,Paco,Bolam,,Male,Palestinian Territory,21/04/1960,$612189.92
577,Bevan,Bidewel,,Male,Brazil,02/05/1918,$1096844.15
578,Berti,Cridlin,,Male,Uruguay,10/02/1931,$169171.55
579,Stefa,Petrakov,,Female,China,08/10/1981,$706461.63
580,Cosimo,Kellough,,Male,Malta,24/08/1913,$762996.82
581,Meta,Durant,mdurantg4@stanford.edu,Female,Russia,31/10/1911,$938672.90
582,Lorry,Joiris,,Male,Sweden,11/02/1926,$277176.02
583,Rowe,Sizland,rsizlandg6@163.com,Female,China,24/06/1987,$551882.99
584,Marji,Bowdrey,,Female,Switzerland,10/10/1911,$582634.27
585,Dennie,Sambals,,Male,Indonesia,07/11/1917,$1095689.30
586,Stephana,Emps,sempsg9@drupal.org,Female,Tanzania,20/03/1994,$1013013.23
587,Kary,Urling,,Female,North Korea,11/01/1974,$598531.07
588,Eduardo,Ludovici,,Male,Chile,03/08/1935,$122054.10
589,Raff,Brewers,rbrewersgc@cisco.com,Male,Indonesia,02/10/1930,$923608.27
590,Allayne,Blumire,ablumiregd@psu.edu,Male,Bulgaria,15/09/1913,$902611.44
591,Cinnamon,Boffey,,Female,Spain,16/09/1944,$949682.97
592,Alys,Hardwich,ahardwichgf@dailymail.co.uk,Female,China,08/05/1963,$450081.72
593,Massimiliano,Sacker,,Male,Poland,29/01/1915,$391805.67
594,Francine,Jeans,,Female,Brazil,01/05/1980,$12449.17
595,Augustine,Fishburn,,Female,Indonesia,22/12/1994,$690311.86
596,Danella,Hamill,,Female,Indonesia,05/03/1976,$910972.47
597,Phillis,Wharrier,pwharriergk@reuters.com,Female,Sweden,24/04/1963,$309345.46
598,Cirilo,Priddy,cpriddygl@apple.com,Male,China,20/06/1916,$480985.27
599,Wenonah,Doornbos,wdoornbosgm@harvard.edu,Female,Sweden,01/06/1906,$898758.68
600,Bobbie,Ahlin,bahlingn@geocities.com,Female,Poland,18/07/1946,$659923.14
601,Toby,Mackinder,tmackindergo@senate.gov,Female,France,01/08/1983,$274265.37
602,Rodger,D'Aguanno,rdaguannogp@wikipedia.org,Male,Macedonia,23/01/1972,$608663.83
603,Fransisco,Harry,fharrygq@github.com,Male,Kazakhstan,20/08/1964,$1133129.28
604,Dolorita,Hacksby,dhacksbygr@china.com.cn,Female,Portugal,25/05/1976,$1181555.12
605,Neal,Gilliam,ngilliamgs@wikispaces.com,Male,Russia,15/07/1944,$637759.44
606,Boote,Lightbown,,Male,Sri Lanka,17/06/2000,$320033.84
607,Myron,Mithan,,Male,Philippines,12/09/1907,$458801.01
608,Ruthi,Luxmoore,,Female,Pakistan,09/06/1978,$366571.65
609,Kristina,Everill,,Female,Indonesia,03/08/1968,$1054843.97
610,Horatius,Hakking,hhakkinggx@dmoz.org,Male,Slovenia,19/11/1975,$879733.40
611,Floyd,Knowlman,fknowlmangy@discuz.net,Male,Iraq,08/07/1946,$60432.84
612,Quincy,Madgett,qmadgettgz@sun.com,Male,United States,12/10/2001,$878760.97
613,Mureil,Castelluzzi,mcastelluzzih0@booking.com,Female,Benin,01/06/1924,$219348.23
614,Rory,Wasson,rwassonh1@nsw.gov.au,Male,Poland,31/03/1981,$899200.68
615,Goober,McKoy,,Male,China,07/03/1970,$393207.47
616,Priscilla,Healy,phealyh3@sohu.com,Female,Serbia,30/01/1946,$677793.08
617,Helenelizabeth,Pretious,hpretioush4@arizona.edu,Female,China,26/01/1958,$410907.14
618,Isiahi,Lovelady,iloveladyh5@deliciousdays.com,Male,Ecuador,21/08/1946,$262557.20
619,Winnah,Skrine,wskrineh6@tinypic.com,Female,Brazil,01/02/1945,$1012214.08
620,Sharia,Moisey,,Female,Netherlands,14/02/1965,$555137.26
621,Glendon,Turban,gturbanh8@ebay.com,Male,Ireland,23/10/1933,$657484.46
622,Minta,Hrishchenko,,Female,Tunisia,19/05/1995,$919940.90
623,Blanche,Kennler,bkennlerha@blogtalkradio.com,Female,Indonesia,22/12/1923,$501967.20
624,Aylmar,Gammie,,Male,Nepal,28/12/1993,$568565.86
625,Aldo,Milliere,,Male,Iran,30/01/2000,$737658.97
626,Israel,Lunt,,Male,Japan,15/04/1939,$950607.78
627,Kendrick,Poker,kpokerhe@gmpg.org,Male,Indonesia,22/01/1990,$1078900.51
628,Jeffry,Cranmore,jcranmorehf@engadget.com,Male,Brazil,05/04/1953,$524712.14
629,Prentice,Shee,,Male,Portugal,19/10/1986,$1045701.47
630,Natasha,Mollindinia,nmollindiniahh@twitpic.com,Female,Portugal,03/04/1995,$995450.72
631,Frasco,Penhaligon,,Male,Cyprus,09/12/1962,$560353.24
632,Lucio,Knutton,,Male,Brazil,03/05/1958,$178284.09
633,Melvin,Hasser,,Male,Mexico,07/09/1968,$654716.47
634,Joshua,Ionnidis,,Male,Portugal,14/07/1965,$101030.77
635,Ford,Juszkiewicz,,Male,Philippines,28/08/1958,$298248.10
636,Taddeo,Curedell,,Male,Ukraine,20/10/1951,$941341.08
637,Elaine,Meijer,emeijerho@blogtalkradio.com,Female,China,29/07/2009,$809788.51
638,Carolyne,Treadgold,ctreadgoldhp@miitbeian.gov.cn,Female,Philippines,11/09/1938,$35214.78
639,Jacquenetta,Nelthorpe,jnelthorpehq@seesaa.net,Female,Trinidad and Tobago,05/11/1914,$67017.49
640,Alexei,Kerbler,akerblerhr@ezinearticles.com,Male,Russia,03/05/1904,$176633.40
641,Allin,Saffrin,asaffrinhs@vimeo.com,Male,Japan,04/02/1913,$38576.56
642,Chicky,Nutbean,cnutbeanht@amazon.co.jp,Male,Poland,19/03/1958,$1100905.25
643,Gale,Stanbridge,gstanbridgehu@mapquest.com,Female,Libya,23/08/1927,$1028946.66
644,Anjanette,Pinwell,apinwellhv@angelfire.com,Female,Mexico,19/09/1907,$495322.05
645,Antonius,Dodgshun,adodgshunhw@ed.gov,Male,Colombia,03/10/1940,$1194827.22
646,Wolfy,de Quesne,wdequesnehx@qq.com,Male,China,03/12/1921,$1147921.86
647,Fielding,Counter,fcounterhy@desdev.cn,Male,Philippines,20/02/1977,$671818.63
648,James,Birtley,,Male,Palestinian Territory,02/10/1950,$1186734.56
649,Broddy,Chese,,Male,Poland,01/04/1912,$1023304.54
650,Lucky,Jervoise,ljervoisei1@princeton.edu,Female,Indonesia,27/05/1969,$801085.12
651,Alverta,Deneve,adenevei2@prlog.org,Female,China,26/05/1944,$399260.68
652,Kenneth,Bygrove,,Male,Indonesia,17/06/1940,$298885.12
653,Zacharia,Battie,zbattiei4@issuu.com,Male,Philippines,15/02/1992,$1068239.70
654,Janifer,Fuggles,jfugglesi5@stumbleupon.com,Female,Saint Lucia,09/04/1949,$97784.30
655,Mona,Illiston,,Female,Philippines,02/11/1954,$931897.58
656,Cybill,Wolffers,cwolffersi7@ehow.com,Female,Indonesia,20/08/1971,$504268.84
657,Lita,Leigh,,Female,Curacao,13/01/1967,$376056.25
658,Dimitri,Arnolds,darnoldsi9@ihg.com,Male,Ireland,18/09/1908,$731151.48
659,Reynolds,Minett,,Male,United States,21/12/1977,$1089658.99
660,Tonnie,Leppington,tleppingtonib@loc.gov,Male,Norway,09/04/1977,$591103.40
661,Merrill,Simeone,msimeoneic@earthlink.net,Female,China,10/03/2003,$908757.73
662,Barnard,Stobbs,bstobbsid@goo.ne.jp,Male,Philippines,18/10/1942,$1166734.56
663,Saree,Spinke,,Female,United States,03/03/1921,$898810.85
664,Sinclare,Gadd,,Male,Indonesia,18/12/1940,$662792.45
665,Melisa,Coon,,Female,Indonesia,03/06/1916,$647585.97
666,Celestyn,Racine,cracineih@soundcloud.com,Female,Costa Rica,22/07/1990,$572712.88
667,Ivar,Marzella,,Male,China,10/09/1975,$200535.00
668,Fawne,Rollings,,Female,Venezuela,12/04/1935,$534631.48
669,Rennie,Blaxill,,Female,Portugal,04/04/1991,$472013.55
670,Jory,Pobjoy,jpobjoyil@people.com.cn,Male,Peru,29/03/1938,$1152874.01
671,Carlyle,Gosforth,cgosforthim@live.com,Male,Nigeria,18/05/1935,$454473.49
672,Billy,McBrady,bmcbradyin@huffingtonpost.com,Male,Indonesia,17/06/1965,$1154532.38
673,Aylmar,Trubshaw,,Male,Netherlands,20/01/2005,$585296.82
674,Edie,McKirton,emckirtonip@rakuten.co.jp,Female,Russia,29/11/2008,$565593.57
675,Silvio,Dubois,sduboisiq@networksolutions.com,Male,China,12/10/1914,$826163.85
676,Stephie,Houndson,shoundsonir@yelp.com,Female,Spain,30/10/1906,$857032.79
677,Katlin,Boustred,kboustredis@forbes.com,Female,China,06/07/1954,$346949.63
678,Jocelyne,O'Hickee,johickeeit@shutterfly.com,Female,Philippines,03/09/1990,$84374.50
679,Jeanelle,Trussman,,Female,China,10/02/1908,$951539.18
680,Hussein,Cotta,hcottaiv@ucoz.com,Male,Philippines,20/11/1940,$209389.01
681,Aristotle,Sunock,asunockiw@last.fm,Male,China,10/08/1931,$921645.69
682,Kanya,Brinsden,,Female,China,14/11/1947,$858035.72
683,Kalli,Sinnock,ksinnockiy@wikipedia.org,Female,Brazil,20/08/1960,$229316.46
684,Hunter,Hyndman,hhyndmaniz@ezinearticles.com,Male,China,16/10/1979,$1103434.50
685,Doralynn,Klug,dklugj0@dailymotion.com,Female,United States,21/04/1964,$155147.98
686,Catarina,Hartness,chartnessj1@edublogs.org,Female,Portugal,14/02/1928,$594631.45
687,Riordan,Heaven,rheavenj2@dailymotion.com,Male,Comoros,03/11/1994,$736206.38
688,Berkly,Villiers,bvilliersj3@aboutads.info,Male,Bangladesh,06/11/1928,$344331.83
689,Janot,Knok,jknokj4@wordpress.org,Female,Japan,16/07/1934,$316884.43
690,Frasquito,Akenhead,,Male,South Africa,16/08/1936,$199844.91
691,Gawain,Maidlow,gmaidlowj6@live.com,Male,Indonesia,24/02/2006,$83213.38
692,Guilbert,Robb,grobbj7@arstechnica.com,Male,China,18/05/1931,$877151.18
693,Bord,Gready,,Male,Indonesia,12/01/1961,$212307.04
694,Edie,Grolle,egrollej9@hp.com,Female,Poland,14/12/1933,$166634.69
695,Jessey,Fish,jfishja@de.vu,Male,China,21/12/1905,$503240.50
696,Giavani,Jesse,,Male,Russia,23/12/1966,$453528.80
697,Elsinore,Hovington,ehovingtonjc@alibaba.com,Female,Philippines,26/07/1955,$839293.00
698,Ellen,Milella,,Female,Morocco,26/12/2000,$369915.79
699,Gae,Arboine,,Female,Serbia,13/07/1934,$209853.29
700,Torin,Gadie,tgadiejf@techcrunch.com,Male,Syria,14/04/1942,$1115674.50
701,Ashleigh,Simpkin,asimpkinjg@spiegel.de,Female,Japan,12/02/1946,$178857.13
702,Manfred,Guittet,mguittetjh@redcross.org,Male,Indonesia,02/05/1934,$735202.16
703,Berny,Cluely,,Female,Belarus,19/03/1989,$1009919.05
704,Debbie,Armstrong,darmstrongjj@jigsy.com,Female,Armenia,01/11/1912,$615851.13
705,Storm,Domingues,sdominguesjk@dropbox.com,Female,Czech Republic,22/11/2000,$439499.88
706,Rosana,Booth,rboothjl@imdb.com,Female,Cameroon,15/06/1999,$441015.37
707,Stacy,Godball,sgodballjm@prlog.org,Female,China,20/07/1951,$232035.32
708,Garvin,Edel,gedeljn@de.vu,Male,France,07/08/1950,$300960.30
709,Jonathon,Gatland,jgatlandjo@hatena.ne.jp,Male,Uzbekistan,16/03/1910,$357391.96
710,Katie,O'Rourke,,Female,Chad,11/10/1948,$193746.33
711,Charlene,Fillery,cfilleryjq@shareasale.com,Female,Japan,30/11/2008,$649102.26
712,Dominic,Filde,dfildejr@opensource.org,Male,Argentina,18/05/1994,$647223.86
713,Torrence,Dunkerton,tdunkertonjs@clickbank.net,Male,Argentina,18/12/1998,$827627.61
714,Fionnula,D'Aulby,fdaulbyjt@house.gov,Female,Russia,15/07/1929,$1150991.28
715,Elana,Rakestraw,,Female,Macedonia,03/09/1923,$376789.38
716,Joey,Boles,,Female,Indonesia,03/07/2001,$549963.15
717,Cecily,Bumphrey,,Female,Philippines,06/05/2008,$182322.09
718,Cletis,Coil,ccoiljx@epa.gov,Male,China,05/03/1970,$745647.07
719,Kimmie,Disdel,kdisdeljy@spiegel.de,Female,Libya,27/10/1952,$1149064.88
720,Marietta,Sexcey,,Female,China,08/01/1927,$528072.31
721,Brana,Tomson,,Female,Poland,12/03/1922,$532242.63
722,Nye,Hurdle,nhurdlek1@craigslist.org,Male,China,24/01/1958,$211949.23
723,Maris,Jacob,mjacobk2@guardian.co.uk,Female,Indonesia,18/04/1905,$185332.83
724,Miltie,Wofenden,,Male,Ukraine,26/03/1913,$578690.83
725,Kessiah,Hestrop,khestropk4@de.vu,Female,Sweden,17/09/1972,$600417.89
726,Georgi,Minci,,Male,China,20/10/1919,$374190.20
727,Rheba,Kinkade,rkinkadek6@usgs.gov,Female,Bosnia and Herzegovina,18/04/1987,$742886.46
728,Obadias,Frankcombe,ofrankcombek7@surveymonkey.com,Male,Honduras,15/03/1976,$21493.13
729,Alister,McCoughan,amccoughank8@theguardian.com,Male,Ukraine,01/11/2008,$775459.17
730,Reggy,Gimson,,Male,Russia,08/05/1956,$518114.79
731,Fernando,Gaskamp,fgaskampka@samsung.com,Male,China,23/04/1947,$628340.84
732,Danell,Lacaze,dlacazekb@senate.gov,Female,Mauritania,16/06/1973,$646942.33
733,Huntington,Esgate,,Male,New Zealand,28/03/1949,$55586.56
734,Vaughan,Ottee,votteekd@tuttocitta.it,Male,Russia,20/04/1916,$858827.03
735,Emmalynn,Goold,egooldke@wiley.com,Female,China,02/06/1990,$1050610.11
736,Lora,Hutchison,lhutchisonkf@wikimedia.org,Female,Indonesia,05/12/1975,$842562.36
737,Prent,Zisneros,pzisneroskg@springer.com,Male,Ukraine,18/08/1963,$87346.63
738,Nichols,Skewis,,Male,France,27/06/2007,$1168310.20
739,Mattias,Keld,mkeldki@unicef.org,Male,Indonesia,07/08/1907,$956524.48
740,Berri,Luparto,blupartokj@answers.com,Female,Portugal,29/08/1971,$671231.70
741,Claiborn,Fransseni,cfranssenikk@nbcnews.com,Male,China,01/05/1915,$502148.95
742,Caspar,Enga,cengakl@yolasite.com,Male,Indonesia,05/07/1994,$348272.22
743,Sylas,Tyer,styerkm@yelp.com,Male,Lebanon,31/08/1948,$444306.91
744,Dodi,Bartelot,dbartelotkn@wordpress.org,Female,Vietnam,26/10/1914,$816921.11
745,Albertina,Claricoats,aclaricoatsko@independent.co.uk,Female,Nicaragua,02/10/1924,$1094735.82
746,Daisie,Phorsby,dphorsbykp@ibm.com,Female,Colombia,06/03/1946,$900631.67
747,Yorker,Stempe,ystempekq@linkedin.com,Male,China,09/06/1920,$1120840.70
748,Norry,Mansfield,nmansfieldkr@de.vu,Female,China,13/10/1913,$757876.21
749,Tessy,Gallimore,,Female,France,15/09/1957,$991587.56
750,Roland,Putterill,,Male,Indonesia,09/06/1989,$363941.88
751,Clea,Jee,cjeeku@hp.com,Female,French Polynesia,12/05/1907,$899060.39
752,Jemie,Aguirrezabal,jaguirrezabalkv@yahoo.com,Female,China,08/03/1921,$346958.62
753,Graham,Fyfield,gfyfieldkw@acquirethisname.com,Male,Vietnam,28/06/1939,$920840.37
754,Rene,Stidson,,Male,Japan,16/06/1973,$394601.36
755,Keen,Kless,,Male,El Salvador,16/06/1916,$167349.16
756,Hill,Leverage,,Male,Canada,12/02/2001,$1004461.32
757,Tiffany,Yokelman,tyokelmanl0@friendfeed.com,Female,Sweden,14/02/1970,$1146412.01
758,Ethelin,Ranvoise,eranvoisel1@paginegialle.it,Female,Indonesia,30/08/2008,$1064815.07
759,Gonzalo,Loyndon,gloyndonl2@gmpg.org,Male,Finland,29/08/1952,$859276.58
760,Quinton,Sellers,qsellersl3@ocn.ne.jp,Male,China,02/12/1928,$429250.73
761,Karalynn,Kinkaid,kkinkaidl4@alibaba.com,Female,Argentina,29/10/1942,$816011.91
762,Patrizia,Quarry,pquarryl5@lulu.com,Female,Sweden,22/05/1983,$901181.84
763,Jori,Charity,jcharityl6@rediff.com,Female,Russia,26/06/1960,$309367.83
764,Charlena,Manilove,,Female,South Korea,06/05/1998,$339565.62
765,Wyn,Pawlick,wpawlickl8@naver.com,Male,New Caledonia,30/09/1956,$1129910.92
766,Dell,Petrik,dpetrikl9@bandcamp.com,Male,Germany,28/07/1930,$361530.22
767,Cathie,Stairmond,cstairmondla@huffingtonpost.com,Female,China,24/02/1933,$606442.71
768,Peterus,Lunck,pluncklb@disqus.com,Male,Indonesia,30/12/1945,$28266.89
769,Philipa,Burless,pburlesslc@cnn.com,Female,Saudi Arabia,15/01/1990,$71430.48
770,Averil,Sheen,asheenld@xing.com,Male,Malaysia,31/08/1984,$1044541.99
771,Bobina,Charlewood,bcharlewoodle@mediafire.com,Female,China,05/12/1922,$164908.45
772,Karol,Whiting,,Female,Iran,03/10/1918,$1084290.13
773,Corrie,Meeland,cmeelandlg@cdbaby.com,Male,China,21/07/1922,$726231.53
774,Monte,Leser,,Male,Portugal,25/05/1941,$470350.60
775,Gerta,Ritson,gritsonli@cbslocal.com,Female,France,11/01/2005,$1087423.17
776,Thibaut,Bligh,tblighlj@domainmarket.com,Male,Democratic Republic of the Congo,22/11/1941,$46409.78
777,Tann,Francie,,Male,Tanzania,15/04/1954,$335555.02
778,Dre,Bever,dbeverll@unicef.org,Female,China,06/08/1988,$722537.87
779,Demetria,Melwall,dmelwalllm@hatena.ne.jp,Female,Indonesia,27/10/1917,$249433.08
780,Paulie,Eastcourt,,Male,Russia,18/12/1932,$359641.03
781,Noel,Grafhom,ngrafhomlo@google.cn,Female,United States,17/06/1969,$815667.56
782,Graeme,Geldeard,ggeldeardlp@toplist.cz,Male,Portugal,27/08/1968,$240585.95
783,Adella,Liddel,,Female,Brazil,05/05/1919,$1127707.37
784,Zollie,Tuffs,ztuffslr@ucsd.edu,Male,Portugal,26/12/1923,$608493.73
785,Kile,Torald,ktoraldls@cnn.com,Male,Vietnam,07/09/1989,$933597.79
786,Susanne,Hydes,shydeslt@huffingtonpost.com,Female,Portugal,28/06/1930,$299404.91
787,Arlee,Ranyelld,,Female,Mauritius,04/05/1941,$83437.03
788,Darla,Bodemeaid,dbodemeaidlv@soup.io,Female,Ethiopia,05/12/1949,$587681.08
789,Carmine,McKague,cmckaguelw@narod.ru,Female,Morocco,03/08/1914,$214630.35
790,Murray,Polak,,Male,Philippines,27/06/1985,$1012277.36
791,Raymond,Mallalieu,rmallalieuly@symantec.com,Male,Colombia,07/10/1955,$900655.98
792,Clementia,MacCallam,cmaccallamlz@123-reg.co.uk,Female,France,21/11/1992,$922515.10
793,Kit,Cordall,,Male,China,17/02/1926,$682936.43
794,Kai,Pietruszka,,Female,China,20/08/1914,$1068104.35
795,Brett,Gouldbourn,bgouldbournm2@artisteer.com,Male,Vietnam,19/02/1960,$510615.08
796,Darnell,Prescott,dprescottm3@hibu.com,Male,United Kingdom,14/12/1928,$689179.19
797,Isa,Blincko,iblinckom4@artisteer.com,Male,Indonesia,06/09/1995,$669095.08
798,Murdock,Fayre,mfayrem5@gov.uk,Male,Indonesia,08/12/1904,$1007952.78
799,Hildagarde,Fermer,hfermerm6@webs.com,Female,China,12/03/1923,$405479.19
800,Paquito,O' Kelleher,pokelleherm7@intel.com,Male,Sweden,13/03/1913,$349894.96
801,Valerye,Rangell,vrangellm8@photobucket.com,Female,Greece,17/08/1947,$1065268.43
802,Darby,Bottoms,dbottomsm9@samsung.com,Female,Philippines,13/09/1909,$668327.07
803,Dulcinea,McLauchlin,dmclauchlinma@gizmodo.com,Female,China,21/08/1934,$311142.96
804,Friedrick,Geane,fgeanemb@soundcloud.com,Male,Russia,19/12/1956,$385321.19
805,Val,Garratty,,Male,Sweden,05/04/1909,$506836.48
806,Tedman,Sams,tsamsmd@studiopress.com,Male,Indonesia,01/04/1968,$225237.68
807,Kirby,Spelwood,,Male,Bosnia and Herzegovina,02/12/1965,$417934.08
808,Minni,Youthead,myoutheadmf@nature.com,Female,Russia,01/12/1930,$185802.73
809,Zia,Trembley,ztrembleymg@economist.com,Female,Bulgaria,19/06/1907,$29701.45
810,Eduard,Rosbotham,,Male,Tunisia,26/08/1974,$831809.31
811,Vassili,Baumler,,Male,Seychelles,04/07/1965,$205005.10
812,Mohandis,Birchall,,Male,Serbia,13/04/1961,$947696.22
813,Brandtr,Formie,bformiemk@wikipedia.org,Male,Kazakhstan,26/08/1952,$135468.38
814,Anna-maria,Vicary,,Female,United Arab Emirates,27/02/1999,$115509.62
815,Estele,Sambrok,esambrokmm@home.pl,Female,Cameroon,02/12/1976,$279966.61
816,Petronella,Gras,pgrasmn@hc360.com,Female,Thailand,27/08/1932,$54082.90
817,Grove,Baigent,gbaigentmo@netscape.com,Male,Philippines,06/12/1975,$517404.09
818,Foss,Barbara,,Male,China,17/04/1919,$741139.99
819,Elicia,Gledhall,egledhallmq@over-blog.com,Female,China,01/01/1985,$150279.90
820,Savina,Prop,spropmr@umn.edu,Female,Bosnia and Herzegovina,02/03/1907,$978299.46
821,Kare,Danforth,kdanforthms@quantcast.com,Female,Colombia,31/07/1915,$774115.13
822,Clarine,Biermatowicz,cbiermatowiczmt@mediafire.com,Female,Indonesia,13/08/1968,$1084606.05
823,Farrah,Haseley,fhaseleymu@people.com.cn,Female,Bulgaria,09/10/1949,$932872.55
824,Daisy,Garmon,,Female,Netherlands,29/01/1959,$1185970.36
825,Olav,Bywater,,Male,Indonesia,25/02/1937,$670764.37
826,Milt,Broomer,mbroomermx@tinyurl.com,Male,China,23/01/1952,$429001.40
827,Randell,Waliszewski,,Male,Saudi Arabia,18/03/1911,$901061.96
828,Butch,Klimschak,bklimschakmz@dion.ne.jp,Male,China,04/10/2008,$363002.20
829,Meade,Cantillion,mcantillionn0@arstechnica.com,Female,Russia,24/05/1953,$673660.84
830,Ludovika,Woodyer,,Female,China,21/10/1989,$907199.27
831,Ignacio,Adhams,iadhamsn2@over-blog.com,Male,China,31/01/1923,$813806.31
832,Cortney,Delf,cdelfn3@washingtonpost.com,Female,Russia,01/04/2009,$328036.56
833,Leonid,Costall,,Male,Belarus,11/11/1918,$567297.71
834,Suki,Kermitt,skermittn5@ustream.tv,Female,Mongolia,18/10/1964,$891286.05
835,Ki,Mattei,,Female,China,17/01/1941,$21148.67
836,Ryun,Acheson,rachesonn7@tripadvisor.com,Male,France,25/01/1970,$214212.50
837,Darb,Van der Beek,dvanderbeekn8@google.co.uk,Female,China,17/03/1951,$192951.25
838,Rik,Tresler,rtreslern9@theglobeandmail.com,Male,Indonesia,04/02/1919,$736797.82
839,Jenica,Kimbling,,Female,China,26/11/1912,$280110.91
840,Wilow,Haymes,whaymesnb@1688.com,Female,China,06/02/1991,$232326.19
841,Allison,Drysdale,adrysdalenc@cnbc.com,Female,Poland,08/07/1953,$712312.39
842,Brianne,Markel,bmarkelnd@soundcloud.com,Female,Mexico,01/01/1929,$995472.65
843,Ulick,Hayers,uhayersne@nature.com,Male,Russia,25/01/1942,$336777.84
844,Jacquetta,Brandt,jbrandtnf@printfriendly.com,Female,China,04/01/1997,$566029.06
845,Dreddy,Van de Velde,dvandeveldeng@cnet.com,Female,Indonesia,08/09/1927,$177921.82
846,Florry,Hardwell,fhardwellnh@phoca.cz,Female,Luxembourg,16/07/1936,$402684.97
847,Bessie,Alliband,ballibandni@chicagotribune.com,Female,Malaysia,20/06/1914,$572637.61
848,Robert,Cookson,rcooksonnj@thetimes.co.uk,Male,Indonesia,26/05/1928,$1171903.00
849,Cesya,Pepperd,cpepperdnk@elegantthemes.com,Female,Yemen,15/04/2008,$26632.16
850,Myron,Delos,mdelosnl@clickbank.net,Male,Albania,03/12/1988,$1044793.32
851,Gabriell,Hindsberg,,Female,Philippines,09/08/1927,$209902.34
852,Fidelia,Goggan,fgoggannn@ovh.net,Female,China,07/08/1984,$908306.02
853,Rheba,Curtain,,Female,Sweden,19/01/1973,$1100465.59
854,Callida,Cleobury,ccleoburynp@usnews.com,Female,China,12/01/1925,$1088539.65
855,Jodi,Gookes,jgookesnq@prlog.org,Male,Poland,20/12/2004,$916351.03
856,Alain,Loines,aloinesnr@ca.gov,Male,Russia,14/08/1914,$679096.55
857,Carmen,Ioannidis,,Female,Philippines,12/12/1905,$804677.81
858,Lamar,Izon,lizonnt@google.com.br,Male,North Korea,28/01/1952,$775452.23
859,Franklin,Caswall,,Male,Japan,01/04/2000,$501493.03
860,Zebulen,Feehan,zfeehannv@mashable.com,Male,France,08/09/1924,$785251.83
861,Jeanelle,Probey,,Female,China,14/01/1994,$693289.27
862,Beverly,McKerton,bmckertonnx@walmart.com,Female,China,13/10/1959,$320165.32
863,Gabriel,Adamou,gadamouny@artisteer.com,Female,Zambia,12/02/1994,$279842.27
864,Richmound,Carberry,rcarberrynz@wordpress.org,Male,Thailand,01/04/1968,$773905.20
865,Zacherie,Geffcock,zgeffcocko0@e-recht24.de,Male,Japan,04/03/1959,$1012002.99
866,Roch,Ostridge,rostridgeo1@github.io,Female,Indonesia,12/05/1956,$237297.29
867,Hort,Polye,hpolyeo2@so-net.ne.jp,Male,Philippines,25/03/1972,$1111959.11
868,Gilli,Stott,gstotto3@gizmodo.com,Female,Portugal,07/02/1979,$758935.83
869,Atalanta,Tuhy,atuhyo4@deviantart.com,Female,Bosnia and Herzegovina,16/08/1962,$903927.02
870,Junette,Rickett,,Female,Indonesia,28/09/1922,$820333.92
871,Cicily,Maddams,cmaddamso6@businessweek.com,Female,Russia,21/07/1989,$903768.20
872,Shaylah,Moffett,,Female,Namibia,14/07/1980,$452202.06
873,Aline,Bamsey,,Female,Colombia,30/08/1963,$159767.41
874,Alikee,Redmayne,aredmayneo9@posterous.com,Female,China,16/07/1997,$886982.20
875,Rona,De Roeck,rderoeckoa@apple.com,Female,China,09/12/1930,$981499.36
876,Felic,Reboulet,frebouletob@slate.com,Male,Pakistan,31/12/1926,$746426.81
877,Penni,Longega,plongegaoc@quantcast.com,Female,Philippines,30/01/1927,$577934.09
878,Myer,Dahmke,mdahmkeod@tinypic.com,Male,China,09/10/1938,$368564.25
879,Lucias,Rosbrough,lrosbroughoe@angelfire.com,Male,Bulgaria,07/11/1959,$106967.86
880,Keenan,Helling,,Male,Thailand,17/05/1950,$973814.20
881,Ruben,Rozycki,rrozyckiog@g.co,Male,China,19/09/1951,$698004.33
882,Lennie,Lambswood,,Male,Peru,21/09/1973,$482284.18
883,Raleigh,Braidwood,rbraidwoodoi@harvard.edu,Male,Palestinian Territory,04/08/1997,$899299.00
884,Matteo,Mandeville,mmandevilleoj@addthis.com,Male,Russia,16/02/1965,$175074.37
885,Nilson,Skein,nskeinok@cdc.gov,Male,China,08/02/2006,$82116.65
886,Gerianne,Isitt,gisittol@sbwire.com,Female,Greece,19/04/1970,$625667.13
887,Maura,Tracy,mtracyom@opera.com,Female,China,25/07/1938,$280256.61
888,Andrea,Attoe,aattoeon@cloudflare.com,Male,Thailand,25/02/1969,$854269.54
889,Sumner,Aldcorn,saldcornoo@state.gov,Male,Nepal,08/10/1929,$27751.57
890,Hubie,Leijs,,Male,Syria,22/09/1953,$16029.49
891,Janetta,Kubalek,jkubalekoq@biblegateway.com,Female,Norway,22/07/1943,$1023581.75
892,Roda,Stone,,Female,Indonesia,13/04/2005,$232453.97
893,Elfrida,Vasilov,evasilovos@nsw.gov.au,Female,Japan,25/01/1941,$200242.61
894,Ruy,Joscelyn,rjoscelynot@tinyurl.com,Male,China,23/06/1957,$584778.98
895,Tuesday,Paradise,tparadiseou@cpanel.net,Female,North Korea,30/08/1999,$75138.79
896,Marney,Micka,mmickaov@discovery.com,Female,Argentina,09/08/1907,$703792.00
897,Craggie,Sayre,csayreow@mit.edu,Male,Honduras,16/08/1934,$591002.06
898,Hurlee,Kerton,hkertonox@slashdot.org,Male,Czech Republic,07/03/1964,$47081.47
899,Linn,Bettington,lbettingtonoy@google.nl,Female,China,12/05/1945,$102750.82
900,Sosanna,Balaam,sbalaamoz@washingtonpost.com,Female,Brazil,15/10/2000,$229279.90
901,Frazer,Burtenshaw,fburtenshawp0@wiley.com,Male,Germany,14/09/1965,$135676.52
902,Jeremiah,Compford,,Male,Russia,15/06/1980,$854642.02
903,Barbaraanne,Grosvener,bgrosvenerp2@constantcontact.com,Female,Ukraine,23/10/1945,$125616.76
904,Riley,Sawkins,rsawkinsp3@noaa.gov,Male,Indonesia,13/11/2000,$788327.34
905,Laurens,Byrth,lbyrthp4@engadget.com,Male,Indonesia,11/09/1960,$371572.01
906,Bettina,Brazener,,Female,Brazil,26/02/1989,$74488.12
907,Dianna,Atrill,datrillp6@altervista.org,Female,Vietnam,28/09/1936,$539275.07
908,Angelico,Scully,ascullyp7@blogspot.com,Male,Nigeria,03/06/1928,$908263.25
909,Lannie,Terrill,lterrillp8@cnbc.com,Male,Canada,02/11/1926,$508340.39
910,Darrin,Pocknoll,dpocknollp9@meetup.com,Male,Argentina,25/05/1956,$91043.92
911,Jewel,Tantum,,Female,Russia,20/03/1946,$525714.60
912,Clemens,Columbine,,Male,China,31/10/1939,$1043450.88
913,Daisi,Seleway,dselewaypc@chron.com,Female,China,07/02/1913,$593042.21
914,Geri,Di Pietro,gdipietropd@marketwatch.com,Male,Portugal,12/07/1932,$720675.67
915,Isadora,Hollows,,Female,Indonesia,25/01/1960,$316442.51
916,Maddy,Rostron,mrostronpf@mediafire.com,Male,Brazil,16/08/2002,$450275.18
917,Christine,Humberston,chumberstonpg@harvard.edu,Female,Poland,11/09/1995,$1089878.28
918,Gratiana,Corps,,Female,China,09/12/1905,$780145.97
919,Nina,Friett,nfriettpi@biblegateway.com,Female,Niger,12/08/1955,$1158981.54
920,Torey,MacArthur,tmacarthurpj@nba.com,Male,Netherlands,30/03/1980,$883570.58
921,Arthur,Braffington,abraffingtonpk@wordpress.org,Male,Japan,10/01/1932,$650050.86
922,Westbrook,Martinet,wmartinetpl@omniture.com,Male,Greece,13/07/1908,$1047465.71
923,Lindi,Platts,lplattspm@bloglines.com,Female,Indonesia,03/11/1994,$89392.02
924,Mercedes,Swash,,Female,China,07/12/1929,$1191348.94
925,Noellyn,Gissing,ngissingpo@fotki.com,Female,Portugal,31/08/1940,$286434.47
926,Vernen,Blannin,vblanninpp@umich.edu,Male,China,17/06/1932,$1162118.91
927,Emelen,Nagle,,Male,Poland,12/01/1911,$498138.98
928,Waldo,Krale,wkralepr@cornell.edu,Male,Antigua and Barbuda,05/09/2007,$1036980.27
929,Antonio,Seiter,aseiterps@lulu.com,Male,Vietnam,11/06/2009,$533295.09
930,Horten,Jenkison,hjenkisonpt@thetimes.co.uk,Male,Sweden,26/06/1962,$909257.53
931,Zack,Attenburrow,,Male,Brazil,22/03/1932,$904640.28
932,Nellie,Dawid,ndawidpv@godaddy.com,Female,Canada,20/05/1963,$34258.53
933,Myrtle,Andrich,mandrichpw@cdbaby.com,Female,Thailand,04/01/1974,$1005881.48
934,Joelle,Dawley,jdawleypx@elegantthemes.com,Female,Philippines,14/04/1928,$729619.27
935,Elise,Laphorn,,Female,Czech Republic,11/07/1944,$81240.79
936,Isabelita,Brogini,,Female,Portugal,17/01/1972,$163231.96
937,Orbadiah,Bauckham,obauckhamq0@youku.com,Male,China,29/09/1991,$132110.67
938,Brewer,Borleace,,Male,China,21/09/2002,$272788.21
939,Jarred,Fitzpatrick,jfitzpatrickq2@prweb.com,Male,Portugal,28/10/1914,$125497.53
940,Wes,Boothroyd,wboothroydq3@whitehouse.gov,Male,South Africa,16/05/1942,$508262.78
941,Bunnie,Fancet,bfancetq4@smugmug.com,Female,Peru,04/12/1933,$136552.56
942,Christie,Laurence,,Male,China,14/06/1942,$822126.26
943,Kingston,Southby,ksouthbyq6@example.com,Male,China,01/01/1955,$196190.70
944,Billy,Ashling,bashlingq7@unesco.org,Male,Peru,06/02/1994,$78359.78
945,Dosi,Dewsnap,ddewsnapq8@virginia.edu,Female,China,06/06/1927,$1130276.86
946,Debora,Fruin,,Female,Russia,11/11/1952,$101548.50
947,Ulrike,Marl,umarlqa@angelfire.com,Female,South Korea,08/05/1947,$225366.40
948,Bud,Antonoczyk,,Male,Japan,24/02/1960,$355486.97
949,Chrysler,Wolver,,Female,Philippines,12/06/1996,$775722.70
950,Lee,Dreng,ldrengqd@imdb.com,Female,Portugal,24/12/2000,$530501.52
951,Jessee,Lafayette,,Male,Czech Republic,09/10/2008,$55758.15
952,Nero,Raveau,nraveauqf@twitter.com,Male,Colombia,06/07/1913,$766513.91
953,Alisa,Stutt,,Female,Indonesia,30/05/1950,$25897.09
954,Linnea,Weddup,,Female,Peru,24/10/1974,$255394.26
955,Kearney,Millberg,kmillbergqi@list-manage.com,Male,Poland,04/06/1926,$339759.26
956,Lily,Sleight,lsleightqj@tinypic.com,Female,Indonesia,24/04/2002,$839585.91
957,Tarra,Peers,tpeersqk@fastcompany.com,Female,Ecuador,06/08/1916,$487730.61
958,Reynard,Episcopio,repiscopioql@skyrock.com,Male,Poland,30/03/1982,$1181663.39
959,Thorvald,Sheldrake,,Male,China,14/10/1905,$1175875.30
960,Alene,McLorinan,,Female,China,11/09/1996,$300075.33
961,Wyatan,Axworthy,waxworthyqo@umn.edu,Male,Nigeria,19/10/1963,$185153.78
962,Fleurette,St Louis,,Female,Slovenia,07/10/2009,$616551.34
963,Andie,Hallatt,ahallattqq@wikipedia.org,Female,Ukraine,11/08/2003,$18508.33
964,Robyn,Dreakin,,Female,China,27/03/1965,$760840.76
965,Christoper,O'Calleran,cocalleranqs@nydailynews.com,Male,Indonesia,23/06/2000,$597674.61
966,Alexandre,Scanlon,,Male,Russia,31/10/1925,$246731.60
967,Bartie,Wheelhouse,bwheelhousequ@cdbaby.com,Male,Argentina,14/04/1977,$988939.25
968,Mari,Mauchlen,,Female,Poland,03/09/2000,$756801.26
969,Natal,Prazor,nprazorqw@smh.com.au,Male,China,23/03/1926,$1086995.10
970,Marthena,Lorand,mlorandqx@seesaa.net,Female,Nepal,07/01/1979,$283613.88
971,Cherilynn,Richold,,Female,China,06/01/1964,$490509.29
972,Benedikt,Hexam,bhexamqz@last.fm,Male,Indonesia,02/10/1986,$229418.54
973,Clementius,Bellwood,,Male,Bulgaria,23/10/1917,$745205.91
974,Dave,Boggish,,Male,Indonesia,18/03/1994,$344701.08
975,Alric,Spaice,aspaicer2@angelfire.com,Male,France,19/04/1996,$592283.23
976,Scotti,Karadzas,skaradzasr3@livejournal.com,Male,Sweden,24/05/1974,$418311.46
977,Josephine,Hammerton,jhammertonr4@mayoclinic.com,Female,Russia,08/05/1993,$1003901.28
978,Brynna,Golagley,bgolagleyr5@businessinsider.com,Female,Madagascar,10/01/1922,$347914.41
979,Gusti,Swains,gswainsr6@nhs.uk,Female,Argentina,12/11/1962,$898744.43
980,Aeriel,Frantz,afrantzr7@prweb.com,Female,Ireland,13/10/1934,$1051397.43
981,Birch,Edwardes,bedwardesr8@netvibes.com,Male,Russia,16/06/1941,$26156.21
982,Cyrus,Meagh,cmeaghr9@zdnet.com,Male,Malaysia,20/01/1936,$400413.89
983,Nicky,Palia,npaliara@people.com.cn,Female,France,05/06/1952,$913406.02
984,Jorey,Daughtry,jdaughtryrb@sciencedirect.com,Female,Indonesia,28/02/1960,$1037444.04
985,Marcelline,Scanlin,mscanlinrc@google.pl,Female,France,01/10/1996,$829593.71
986,Jenica,Ostrich,jostrichrd@theglobeandmail.com,Female,Australia,10/02/1976,$624500.71
987,Jon,Guerry,,Male,Nigeria,11/10/1975,$15095.79
988,Gretta,Rowney,growneyrf@yelp.com,Female,Russia,28/09/1966,$311504.64
989,Hillel,Manger,,Male,Indonesia,22/11/1964,$943904.08
990,Katie,Marval,kmarvalrh@jimdo.com,Female,Canada,02/01/1978,$136961.95
991,Matty,Keats,,Male,Czech Republic,23/11/1962,$114009.73
992,Zak,Collin,zcollinrj@mozilla.com,Male,Japan,01/10/1924,$398515.24
993,Nan,Shellshear,,Female,Philippines,17/09/1978,$19575.34
994,Broderic,Fadian,bfadianrl@about.com,Male,Kenya,10/10/1912,$978835.95
995,Devonne,Runge,,Female,Poland,18/04/1986,$1104614.60
996,Haskel,Moorman,hmoormanrn@dyndns.org,Male,China,15/10/1968,$206116.23
997,Aaron,Christy,achristyro@forbes.com,Male,Myanmar,20/11/1976,$756465.06
998,Theo,Comben,tcombenrp@bandcamp.com,Male,France,12/05/1934,$235952.08
999,Kiley,Selway,kselwayrq@cam.ac.uk,Male,China,14/11/1987,$1033230.29
1000,Clementius,Cello,ccellorr@house.gov,Male,Portugal,11/08/2007,$634588.22
